This is XeTeX, Version 3.141592653-2.6-0.999998 (TeX Live 2026) (preloaded format=xelatex 2026.9.23)  24 SEP 2026 02:05
entering extended mode
 restricted \write18 enabled.
 %&-line parsing enabled.
**main.tex
(./main.tex
LaTeX2e <2026-06-01>
L3 programming layer <2026-09-09>
(./gmcmthesis.cls
Document Class: gmcmthesis 2018/09/11 v2.3 update gmcmthesis by latexstudio.net

(c:/texlive/2026/texmf-dist/tex/latex/ctex/ctexart.cls
(c:/texlive/2026/texmf-dist/tex/latex/ctex/config/ctexbackend.cfg
File: ctexbackend.cfg 2026/08/11 v2.6.5 Backend configuration file (CTEX)
)
(c:/texlive/2026/texmf-dist/tex/latex/l3kernel/expl3.sty
Package: expl3 2026-09-09 L3 programming layer (loader) 

(c:/texlive/2026/texmf-dist/tex/latex/l3kernel/l3backend-xetex.def
File: l3backend-xetex.def 2026-09-09 L3 backend support: XeTeX
\g__graphics_track_int=\count273
\g__pdfannot_backend_int=\count274
\g__pdfannot_backend_link_int=\count275
))
Document Class: ctexart 2026/08/11 v2.6.5 Chinese adapter for class article (CT
EX)
(c:/texlive/2026/texmf-dist/tex/latex/ctex/ctexhook.sty
Package: ctexhook 2026/08/11 v2.6.5 Document and package hooks (CTEX)
)
(c:/texlive/2026/texmf-dist/tex/latex/ctex/ctexpatch.sty
Package: ctexpatch 2026/08/11 v2.6.5 Patching commands (CTEX)
)
(c:/texlive/2026/texmf-dist/tex/latex/base/fix-cm.sty
Package: fix-cm 2020/11/24 v1.1t fixes to LaTeX

(c:/texlive/2026/texmf-dist/tex/latex/base/ts1enc.def
File: ts1enc.def 2001/06/05 v3.0e (jk/car/fm) Standard LaTeX file
LaTeX Font Info:    Redeclaring font encoding TS1 on input line 47.
LaTeX Encoding Info:    Redeclaring text command \capitalcedilla (encoding TS1)
 on input line 49.
LaTeX Encoding Info:    Redeclaring text command \capitalogonek (encoding TS1) 
on input line 52.
LaTeX Encoding Info:    Redeclaring text command \capitalgrave (encoding TS1) o
n input line 55.
LaTeX Encoding Info:    Redeclaring text command \capitalacute (encoding TS1) o
n input line 56.
LaTeX Encoding Info:    Redeclaring text command \capitalcircumflex (encoding T
S1) on input line 57.
LaTeX Encoding Info:    Redeclaring text command \capitaltilde (encoding TS1) o
n input line 58.
LaTeX Encoding Info:    Redeclaring text command \capitaldieresis (encoding TS1
) on input line 59.
LaTeX Encoding Info:    Redeclaring text command \capitalhungarumlaut (encoding
 TS1) on input line 60.
LaTeX Encoding Info:    Redeclaring text command \capitalring (encoding TS1) on
 input line 61.
LaTeX Encoding Info:    Redeclaring text command \capitalcaron (encoding TS1) o
n input line 62.
LaTeX Encoding Info:    Redeclaring text command \capitalbreve (encoding TS1) o
n input line 63.
LaTeX Encoding Info:    Redeclaring text command \capitalmacron (encoding TS1) 
on input line 64.
LaTeX Encoding Info:    Redeclaring text command \capitaldotaccent (encoding TS
1) on input line 65.
LaTeX Encoding Info:    Redeclaring text command \t (encoding TS1) on input lin
e 66.
LaTeX Encoding Info:    Redeclaring text command \capitaltie (encoding TS1) on 
input line 67.
LaTeX Encoding Info:    Redeclaring text command \newtie (encoding TS1) on inpu
t line 68.
LaTeX Encoding Info:    Redeclaring text command \capitalnewtie (encoding TS1) 
on input line 69.
LaTeX Encoding Info:    Redeclaring text symbol \textcapitalcompwordmark (encod
ing TS1) on input line 70.
LaTeX Encoding Info:    Redeclaring text symbol \textascendercompwordmark (enco
ding TS1) on input line 71.
LaTeX Encoding Info:    Redeclaring text symbol \textquotestraightbase (encodin
g TS1) on input line 72.
LaTeX Encoding Info:    Redeclaring text symbol \textquotestraightdblbase (enco
ding TS1) on input line 73.
LaTeX Encoding Info:    Redeclaring text symbol \texttwelveudash (encoding TS1)
 on input line 74.
LaTeX Encoding Info:    Redeclaring text symbol \textthreequartersemdash (encod
ing TS1) on input line 75.
LaTeX Encoding Info:    Redeclaring text symbol \textleftarrow (encoding TS1) o
n input line 76.
LaTeX Encoding Info:    Redeclaring text symbol \textrightarrow (encoding TS1) 
on input line 77.
LaTeX Encoding Info:    Redeclaring text symbol \textblank (encoding TS1) on in
put line 78.
LaTeX Encoding Info:    Redeclaring text symbol \textdollar (encoding TS1) on i
nput line 79.
LaTeX Encoding Info:    Redeclaring text symbol \textquotesingle (encoding TS1)
 on input line 80.
LaTeX Encoding Info:    Redeclaring text command \textasteriskcentered (encodin
g TS1) on input line 81.
LaTeX Encoding Info:    Redeclaring text symbol \textdblhyphen (encoding TS1) o
n input line 92.
LaTeX Encoding Info:    Redeclaring text symbol \textfractionsolidus (encoding 
TS1) on input line 93.
LaTeX Encoding Info:    Redeclaring text symbol \textzerooldstyle (encoding TS1
) on input line 94.
LaTeX Encoding Info:    Redeclaring text symbol \textoneoldstyle (encoding TS1)
 on input line 95.
LaTeX Encoding Info:    Redeclaring text symbol \texttwooldstyle (encoding TS1)
 on input line 96.
LaTeX Encoding Info:    Redeclaring text symbol \textthreeoldstyle (encoding TS
1) on input line 97.
LaTeX Encoding Info:    Redeclaring text symbol \textfouroldstyle (encoding TS1
) on input line 98.
LaTeX Encoding Info:    Redeclaring text symbol \textfiveoldstyle (encoding TS1
) on input line 99.
LaTeX Encoding Info:    Redeclaring text symbol \textsixoldstyle (encoding TS1)
 on input line 100.
LaTeX Encoding Info:    Redeclaring text symbol \textsevenoldstyle (encoding TS
1) on input line 101.
LaTeX Encoding Info:    Redeclaring text symbol \texteightoldstyle (encoding TS
1) on input line 102.
LaTeX Encoding Info:    Redeclaring text symbol \textnineoldstyle (encoding TS1
) on input line 103.
LaTeX Encoding Info:    Redeclaring text symbol \textlangle (encoding TS1) on i
nput line 104.
LaTeX Encoding Info:    Redeclaring text symbol \textminus (encoding TS1) on in
put line 105.
LaTeX Encoding Info:    Redeclaring text symbol \textrangle (encoding TS1) on i
nput line 106.
LaTeX Encoding Info:    Redeclaring text symbol \textmho (encoding TS1) on inpu
t line 107.
LaTeX Encoding Info:    Redeclaring text symbol \textbigcircle (encoding TS1) o
n input line 108.
LaTeX Encoding Info:    Redeclaring text command \textcircled (encoding TS1) on
 input line 109.
LaTeX Encoding Info:    Redeclaring text symbol \textohm (encoding TS1) on inpu
t line 115.
LaTeX Encoding Info:    Redeclaring text symbol \textlbrackdbl (encoding TS1) o
n input line 116.
LaTeX Encoding Info:    Redeclaring text symbol \textrbrackdbl (encoding TS1) o
n input line 117.
LaTeX Encoding Info:    Redeclaring text symbol \textuparrow (encoding TS1) on 
input line 118.
LaTeX Encoding Info:    Redeclaring text symbol \textdownarrow (encoding TS1) o
n input line 119.
LaTeX Encoding Info:    Redeclaring text symbol \textasciigrave (encoding TS1) 
on input line 120.
LaTeX Encoding Info:    Redeclaring text symbol \textborn (encoding TS1) on inp
ut line 121.
LaTeX Encoding Info:    Redeclaring text symbol \textdivorced (encoding TS1) on
 input line 122.
LaTeX Encoding Info:    Redeclaring text symbol \textdied (encoding TS1) on inp
ut line 123.
LaTeX Encoding Info:    Redeclaring text symbol \textleaf (encoding TS1) on inp
ut line 124.
LaTeX Encoding Info:    Redeclaring text symbol \textmarried (encoding TS1) on 
input line 125.
LaTeX Encoding Info:    Redeclaring text symbol \textmusicalnote (encoding TS1)
 on input line 126.
LaTeX Encoding Info:    Redeclaring text symbol \texttildelow (encoding TS1) on
 input line 127.
LaTeX Encoding Info:    Redeclaring text symbol \textdblhyphenchar (encoding TS
1) on input line 128.
LaTeX Encoding Info:    Redeclaring text symbol \textasciibreve (encoding TS1) 
on input line 129.
LaTeX Encoding Info:    Redeclaring text symbol \textasciicaron (encoding TS1) 
on input line 130.
LaTeX Encoding Info:    Redeclaring text symbol \textacutedbl (encoding TS1) on
 input line 131.
LaTeX Encoding Info:    Redeclaring text symbol \textgravedbl (encoding TS1) on
 input line 132.
LaTeX Encoding Info:    Redeclaring text symbol \textdagger (encoding TS1) on i
nput line 133.
LaTeX Encoding Info:    Redeclaring text symbol \textdaggerdbl (encoding TS1) o
n input line 134.
LaTeX Encoding Info:    Redeclaring text symbol \textbardbl (encoding TS1) on i
nput line 135.
LaTeX Encoding Info:    Redeclaring text symbol \textperthousand (encoding TS1)
 on input line 136.
LaTeX Encoding Info:    Redeclaring text symbol \textbullet (encoding TS1) on i
nput line 137.
LaTeX Encoding Info:    Redeclaring text symbol \textcelsius (encoding TS1) on 
input line 138.
LaTeX Encoding Info:    Redeclaring text symbol \textdollaroldstyle (encoding T
S1) on input line 139.
LaTeX Encoding Info:    Redeclaring text symbol \textcentoldstyle (encoding TS1
) on input line 140.
LaTeX Encoding Info:    Redeclaring text symbol \textflorin (encoding TS1) on i
nput line 141.
LaTeX Encoding Info:    Redeclaring text symbol \textcolonmonetary (encoding TS
1) on input line 142.
LaTeX Encoding Info:    Redeclaring text symbol \textwon (encoding TS1) on inpu
t line 143.
LaTeX Encoding Info:    Redeclaring text symbol \textnaira (encoding TS1) on in
put line 144.
LaTeX Encoding Info:    Redeclaring text symbol \textguarani (encoding TS1) on 
input line 145.
LaTeX Encoding Info:    Redeclaring text symbol \textpeso (encoding TS1) on inp
ut line 146.
LaTeX Encoding Info:    Redeclaring text symbol \textlira (encoding TS1) on inp
ut line 147.
LaTeX Encoding Info:    Redeclaring text symbol \textrecipe (encoding TS1) on i
nput line 148.
LaTeX Encoding Info:    Redeclaring text symbol \textinterrobang (encoding TS1)
 on input line 149.
LaTeX Encoding Info:    Redeclaring text symbol \textinterrobangdown (encoding 
TS1) on input line 150.
LaTeX Encoding Info:    Redeclaring text symbol \textdong (encoding TS1) on inp
ut line 151.
LaTeX Encoding Info:    Redeclaring text symbol \texttrademark (encoding TS1) o
n input line 152.
LaTeX Encoding Info:    Redeclaring text symbol \textpertenthousand (encoding T
S1) on input line 153.
LaTeX Encoding Info:    Redeclaring text symbol \textpilcrow (encoding TS1) on 
input line 154.
LaTeX Encoding Info:    Redeclaring text symbol \textbaht (encoding TS1) on inp
ut line 155.
LaTeX Encoding Info:    Redeclaring text symbol \textnumero (encoding TS1) on i
nput line 156.
LaTeX Encoding Info:    Redeclaring text symbol \textdiscount (encoding TS1) on
 input line 157.
LaTeX Encoding Info:    Redeclaring text symbol \textestimated (encoding TS1) o
n input line 158.
LaTeX Encoding Info:    Redeclaring text symbol \textopenbullet (encoding TS1) 
on input line 159.
LaTeX Encoding Info:    Redeclaring text symbol \textservicemark (encoding TS1)
 on input line 160.
LaTeX Encoding Info:    Redeclaring text symbol \textlquill (encoding TS1) on i
nput line 161.
LaTeX Encoding Info:    Redeclaring text symbol \textrquill (encoding TS1) on i
nput line 162.
LaTeX Encoding Info:    Redeclaring text symbol \textcent (encoding TS1) on inp
ut line 163.
LaTeX Encoding Info:    Redeclaring text symbol \textsterling (encoding TS1) on
 input line 164.
LaTeX Encoding Info:    Redeclaring text symbol \textcurrency (encoding TS1) on
 input line 165.
LaTeX Encoding Info:    Redeclaring text symbol \textyen (encoding TS1) on inpu
t line 166.
LaTeX Encoding Info:    Redeclaring text symbol \textbrokenbar (encoding TS1) o
n input line 167.
LaTeX Encoding Info:    Redeclaring text symbol \textsection (encoding TS1) on 
input line 168.
LaTeX Encoding Info:    Redeclaring text symbol \textasciidieresis (encoding TS
1) on input line 169.
LaTeX Encoding Info:    Redeclaring text symbol \textcopyright (encoding TS1) o
n input line 170.
LaTeX Encoding Info:    Redeclaring text symbol \textordfeminine (encoding TS1)
 on input line 171.
LaTeX Encoding Info:    Redeclaring text symbol \textcopyleft (encoding TS1) on
 input line 172.
LaTeX Encoding Info:    Redeclaring text symbol \textlnot (encoding TS1) on inp
ut line 173.
LaTeX Encoding Info:    Redeclaring text symbol \textcircledP (encoding TS1) on
 input line 174.
LaTeX Encoding Info:    Redeclaring text symbol \textregistered (encoding TS1) 
on input line 175.
LaTeX Encoding Info:    Redeclaring text symbol \textasciimacron (encoding TS1)
 on input line 176.
LaTeX Encoding Info:    Redeclaring text symbol \textdegree (encoding TS1) on i
nput line 177.
LaTeX Encoding Info:    Redeclaring text symbol \textpm (encoding TS1) on input
 line 178.
LaTeX Encoding Info:    Redeclaring text symbol \texttwosuperior (encoding TS1)
 on input line 179.
LaTeX Encoding Info:    Redeclaring text symbol \textthreesuperior (encoding TS
1) on input line 180.
LaTeX Encoding Info:    Redeclaring text symbol \textasciiacute (encoding TS1) 
on input line 181.
LaTeX Encoding Info:    Redeclaring text symbol \textmu (encoding TS1) on input
 line 182.
LaTeX Encoding Info:    Redeclaring text symbol \textparagraph (encoding TS1) o
n input line 183.
LaTeX Encoding Info:    Redeclaring text symbol \textperiodcentered (encoding T
S1) on input line 184.
LaTeX Encoding Info:    Redeclaring text symbol \textreferencemark (encoding TS
1) on input line 185.
LaTeX Encoding Info:    Redeclaring text symbol \textonesuperior (encoding TS1)
 on input line 186.
LaTeX Encoding Info:    Redeclaring text symbol \textordmasculine (encoding TS1
) on input line 187.
LaTeX Encoding Info:    Redeclaring text symbol \textsurd (encoding TS1) on inp
ut line 188.
LaTeX Encoding Info:    Redeclaring text symbol \textonequarter (encoding TS1) 
on input line 189.
LaTeX Encoding Info:    Redeclaring text symbol \textonehalf (encoding TS1) on 
input line 190.
LaTeX Encoding Info:    Redeclaring text symbol \textthreequarters (encoding TS
1) on input line 191.
LaTeX Encoding Info:    Redeclaring text symbol \texteuro (encoding TS1) on inp
ut line 192.
LaTeX Encoding Info:    Redeclaring text symbol \texttimes (encoding TS1) on in
put line 193.
LaTeX Encoding Info:    Redeclaring text symbol \textdiv (encoding TS1) on inpu
t line 194.
))
\l__ctex_tmp_int=\count276
\l__ctex_tmp_box=\box53
\l__ctex_tmp_dim=\dimen150
\g__ctex_section_depth_int=\count277
\g__ctex_font_size_int=\count278

(c:/texlive/2026/texmf-dist/tex/latex/ctex/config/ctexopts.cfg
File: ctexopts.cfg 2026/08/11 v2.6.5 Option configuration file (CTEX)
)

Class ctexart Warning: Option `cs4size' is deprecated.
(ctexart)              Option `zihao=-4' is set.

(c:/texlive/2026/texmf-dist/tex/latex/base/article.cls
Document Class: article 2025/01/22 v1.4n Standard LaTeX document class
(c:/texlive/2026/texmf-dist/tex/latex/base/size12.clo
File: size12.clo 2025/01/22 v1.4n Standard LaTeX file (size option)
)
\c@part=\count279
\c@section=\count280
\c@subsection=\count281
\c@subsubsection=\count282
\c@paragraph=\count283
\c@subparagraph=\count284
\c@figure=\count285
\c@table=\count286
\abovecaptionskip=\skip49
\belowcaptionskip=\skip50
\bibindent=\dimen151
)
(c:/texlive/2026/texmf-dist/tex/latex/ctex/engine/ctex-engine-xetex.def
File: ctex-engine-xetex.def 2026/08/11 v2.6.5 XeLaTeX adapter (CTEX)

(c:/texlive/2026/texmf-dist/tex/xelatex/xecjk/xeCJK.sty
Package: xeCJK 2026/08/21 v3.10.6 Typesetting CJK scripts with XeLaTeX

(c:/texlive/2026/texmf-dist/tex/latex/l3packages/xtemplate/xtemplate.sty
Package: xtemplate 2025-10-09 L3 Experimental prototype document functions
)
\l__xeCJK_tmp_int=\count287
\l__xeCJK_tmp_box=\box54
\l__xeCJK_tmp_dim=\dimen152
\l__xeCJK_tmp_skip=\skip51
\g__xeCJK_space_factor_int=\count288
\l__xeCJK_begin_int=\count289
\l__xeCJK_end_int=\count290
\c__xeCJK_CJK_class_int=\XeTeXcharclass1
\c__xeCJK_FullLeft_class_int=\XeTeXcharclass2
\c__xeCJK_FullRight_class_int=\XeTeXcharclass3
\c__xeCJK_HalfLeft_class_int=\XeTeXcharclass4
\c__xeCJK_HalfRight_class_int=\XeTeXcharclass5
\c__xeCJK_NormalSpace_class_int=\XeTeXcharclass6
\c__xeCJK_CM_class_int=\XeTeXcharclass7
\c__xeCJK_HangulJamo_class_int=\XeTeXcharclass8
\c__xeCJK_HangulJamoL_class_int=\XeTeXcharclass9
\c__xeCJK_HangulJamoV_class_int=\XeTeXcharclass10
\c__xeCJK_HangulJamoT_class_int=\XeTeXcharclass11
\c__xeCJK_CJStarter_class_int=\XeTeXcharclass12
\c__xeCJK_PoZheHao_class_int=\XeTeXcharclass13
\l__xeCJK_interword_dim=\dimen153
\l__xeCJK_last_skip=\skip52
\c__xeCJK_none_node=\count291
\g__xeCJK_node_int=\count292
\c__xeCJK_CJK_node_dim=\dimen154
\c__xeCJK_CJK-space_node_dim=\dimen155
\c__xeCJK_default_node_dim=\dimen156
\c__xeCJK_CJK-widow_node_dim=\dimen157
\c__xeCJK_normalspace_node_dim=\dimen158
\c__xeCJK_default-space_node_skip=\skip53
\c__xeCJK_math_node_dim=\dimen159
\c__xeCJK_math-space_node_dim=\dimen160
\c__xeCJK_math-space-frozen_node_dim=\dimen161
\g__xeCJK_boundary_capture_depth_int=\count293
\g__xeCJK_boundary_suspend_depth_int=\count294
\g__xeCJK_boundary_capture_1_box=\box55
\g__xeCJK_boundary_capture_2_box=\box56
\g__xeCJK_boundary_capture_3_box=\box57
\l__xeCJK_boundary_post_box=\box58
\l__xeCJK_boundary_math_skip=\skip54
\l__xeCJK_boundary_math_actual_skip=\skip55
\l__xeCJK_boundary_math_ecglue_skip=\skip56
\l__xeCJK_boundary_math_delta_skip=\skip57
\l__xeCJK_boundary_math_space_dim=\dimen162
\l__xeCJK_boundary_math_ecglue_dim=\dimen163
\l__xeCJK_boundary_math_stretch_dim=\dimen164
\l__xeCJK_boundary_math_shrink_dim=\dimen165
\g__xeCJK_boundary_probe_type_int=\count295
\l__xeCJK_boundary_probe_box=\box59
\l__xeCJK_ccglue_skip=\skip58
\l__xeCJK_ecglue_skip=\skip59
\g__xeCJK_par_guard_dim=\dimen166
\l__xeCJK_punct_kern_skip=\skip60
\l__xeCJK_indent_box=\box60
\l__xeCJK_last_penalty_int=\count296
\l__xeCJK_last_bound_dim=\dimen167
\l__xeCJK_last_kern_dim=\dimen168
\l__xeCJK_widow_penalty_int=\count297

LaTeX template Info: Declaring template type 'xeCJK/punctuation' taking 0
(template)           argument(s) on line 4902.

\l__xeCJK_fixed_punct_width_dim=\dimen169
\l__xeCJK_mixed_punct_width_dim=\dimen170
\l__xeCJK_middle_punct_width_dim=\dimen171
\l__xeCJK_fixed_margin_width_dim=\dimen172
\l__xeCJK_mixed_margin_width_dim=\dimen173
\l__xeCJK_middle_margin_width_dim=\dimen174
\l__xeCJK_bound_punct_width_dim=\dimen175
\l__xeCJK_bound_margin_width_dim=\dimen176
\l__xeCJK_margin_minimum_dim=\dimen177
\l__xeCJK_kerning_total_width_dim=\dimen178
\l__xeCJK_same_align_margin_dim=\dimen179
\l__xeCJK_different_align_margin_dim=\dimen180
\l__xeCJK_kerning_margin_width_dim=\dimen181
\l__xeCJK_kerning_margin_minimum_dim=\dimen182
\l__xeCJK_bound_dim=\dimen183
\l__xeCJK_reverse_bound_dim=\dimen184
\l__xeCJK_margin_dim=\dimen185
\l__xeCJK_minimum_bound_dim=\dimen186
\l__xeCJK_kerning_margin_dim=\dimen187
\g__xeCJK_family_int=\count298
\l__xeCJK_fam_int=\count299
\g__xeCJK_fam_allocation_int=\count300
\l__xeCJK_verb_case_int=\count301
\l__xeCJK_verb_exspace_skip=\skip61

(c:/texlive/2026/texmf-dist/tex/latex/fontspec/fontspec.sty
Package: fontspec 2026/08/11 v2.9h Font selection for XeLaTeX and LuaLaTeX

(c:/texlive/2026/texmf-dist/tex/latex/fontspec/fontspec-xetex.sty
Package: fontspec-xetex 2026/08/11 v2.9h Font selection for XeLaTeX and LuaLaTe
X
\l__fontspec_script_int=\count302
\l__fontspec_language_int=\count303
\l__fontspec_strnum_int=\count304
\l__fontspec_tmp_int=\count305
\l__fontspec_tmpa_int=\count306
\l__fontspec_tmpb_int=\count307
\l__fontspec_tmpc_int=\count308
\l__fontspec_em_int=\count309
\l__fontspec_emdef_int=\count310
\l__fontspec_strong_int=\count311
\l__fontspec_strongdef_int=\count312
\l__fontspec_tmpa_dim=\dimen188
\l__fontspec_tmpb_dim=\dimen189
\l__fontspec_tmpc_dim=\dimen190

(c:/texlive/2026/texmf-dist/tex/latex/base/fontenc.sty
Package: fontenc 2025/07/18 v2.1d Standard LaTeX package
)
(c:/texlive/2026/texmf-dist/tex/latex/fontspec/fontspec.cfg)))
\l__xeCJK_default_char_int=\count313

(c:/texlive/2026/texmf-dist/tex/xelatex/xecjk/xeCJK.cfg
File: xeCJK.cfg 2026/08/21 v3.10.6 Configuration file for xeCJK package
))
\ccwd=\dimen191
\l__ctex_ccglue_skip=\skip62
)
\l__ctex_ziju_dim=\dimen192

(c:/texlive/2026/texmf-dist/tex/latex/zhnumber/zhnumber.sty
Package: zhnumber 2022/07/14 v3.0 Typesetting numbers with Chinese glyphs
\l__zhnum_scale_int=\count314
\l__zhnum_tmp_int=\count315

(c:/texlive/2026/texmf-dist/tex/latex/zhnumber/zhnumber-utf8.cfg
File: zhnumber-utf8.cfg 2022/07/14 v3.0 Chinese numerals with UTF8 encoding
))
\l__ctex_heading_skip=\skip63

(c:/texlive/2026/texmf-dist/tex/latex/ctex/scheme/ctex-scheme-chinese-article.d
ef
File: ctex-scheme-chinese-article.def 2026/08/11 v2.6.5 Chinese scheme for arti
cle (CTEX)
 (c:/texlive/2026/texmf-dist/tex/latex/ctex/config/ctex-name-utf8.cfg
File: ctex-name-utf8.cfg 2026/08/11 v2.6.5 Caption with encoding UTF-8 (CTEX)
))
(c:/texlive/2026/texmf-dist/tex/latex/ctex/ctex-cs4size.clo
File: ctex-cs4size.clo 2026/08/11 v2.6.5 cs4size option (CTEX)
)
(c:/texlive/2026/texmf-dist/tex/latex/ctex/fontset/ctex-fontset-windows.def
File: ctex-fontset-windows.def 2026/08/11 v2.6.5 Windows fonts definition (CTEX
)

Package fontspec Info: 
(fontspec)             Could not resolve font "KaiTi/B" (it probably doesn't
(fontspec)             exist).


Package fontspec Info: 
(fontspec)             Could not resolve font "SimHei/I" (it probably doesn't
(fontspec)             exist).


Package fontspec Info: 
(fontspec)             Could not resolve font "SimSun/BI" (it probably doesn't
(fontspec)             exist).


Package fontspec Info: 
(fontspec)             Font family 'SimSun(0)' created for font 'SimSun' with
(fontspec)             options
(fontspec)             [Script={CJK},BoldFont={SimHei},ItalicFont={KaiTi}].
(fontspec)              
(fontspec)              This font family consists of the following NFSS
(fontspec)             series/shapes:
(fontspec)              
(fontspec)             - 'normal' (m/n) with NFSS spec.:
(fontspec)             <->"SimSun/OT:script=hani;language=dflt;"
(fontspec)             - 'bold' (b/n) with NFSS spec.:
(fontspec)             <->"SimHei/OT:script=hani;language=dflt;"
(fontspec)             - 'italic' (m/it) with NFSS spec.:
(fontspec)             <->"KaiTi/OT:script=hani;language=dflt;"

))
(c:/texlive/2026/texmf-dist/tex/latex/ctex/config/ctex.cfg
File: ctex-scheme.cfg 2026/08/11 v2.6.5 Configuration file (CTEX)
)
(c:/texlive/2026/texmf-dist/tex/generic/iftex/ifxetex.sty
Package: ifxetex 2019/10/25 v0.7 ifxetex legacy package. Use iftex instead.

(c:/texlive/2026/texmf-dist/tex/generic/iftex/iftex.sty
Package: iftex 2024/12/12 v1.0g TeX engine tests
))
(c:/texlive/2026/texmf-dist/tex/latex/geometry/geometry.sty
Package: geometry 2026/03/07 v6.0 Page Geometry

(c:/texlive/2026/texmf-dist/tex/latex/graphics/keyval.sty
Package: keyval 2026-05-17 v1.15 key=value parser (DPC)
\KV@toks@=\toks17
)
(c:/texlive/2026/texmf-dist/tex/generic/iftex/ifvtex.sty
Package: ifvtex 2019/10/25 v1.7 ifvtex legacy package. Use iftex instead.
)
\Gm@cnth=\count316
\Gm@cntv=\count317
\c@Gm@tempcnt=\count318
\Gm@bindingoffset=\dimen193
\Gm@wd@mp=\dimen194
\Gm@odd@mp=\dimen195
\Gm@even@mp=\dimen196
\Gm@layoutwidth=\dimen197
\Gm@layoutheight=\dimen198
\Gm@layouthoffset=\dimen199
\Gm@layoutvoffset=\dimen256
\Gm@dimlist=\toks18
)
(c:/texlive/2026/texmf-dist/tex/latex/amsmath/amsmath.sty
Package: amsmath 2026/05/19 v2.18d AMS math features
\@mathmargin=\skip64

For additional information on amsmath, use the `?' option.
(c:/texlive/2026/texmf-dist/tex/latex/amsmath/amstext.sty
Package: amstext 2024/11/17 v2.01 AMS text

(c:/texlive/2026/texmf-dist/tex/latex/amsmath/amsgen.sty
File: amsgen.sty 1999/11/30 v2.0 generic functions
\@emptytoks=\toks19
\ex@=\dimen257
))
(c:/texlive/2026/texmf-dist/tex/latex/amsmath/amsbsy.sty
Package: amsbsy 1999/11/29 v1.2d Bold Symbols
\pmbraise@=\dimen258
)
(c:/texlive/2026/texmf-dist/tex/latex/amsmath/amsopn.sty
Package: amsopn 2022/04/08 v2.04 operator names
)
\inf@bad=\count319
LaTeX Info: Redefining \frac on input line 233.
\uproot@=\count320
\leftroot@=\count321
LaTeX Info: Redefining \overline on input line 398.
LaTeX Info: Redefining \colon on input line 409.
\classnum@=\count322
\DOTSCASE@=\count323
LaTeX Info: Redefining \ldots on input line 495.
LaTeX Info: Redefining \dots on input line 498.
LaTeX Info: Redefining \cdots on input line 619.
\Mathstrutbox@=\box61
\strutbox@=\box62
LaTeX Info: Redefining \big on input line 721.
LaTeX Info: Redefining \Big on input line 722.
LaTeX Info: Redefining \bigg on input line 723.
LaTeX Info: Redefining \Bigg on input line 724.
\big@size=\dimen259
LaTeX Font Info:    Redeclaring font encoding OML on input line 742.
LaTeX Font Info:    Redeclaring font encoding OMS on input line 743.
\macc@depth=\count324
LaTeX Info: Redefining \bmod on input line 904.
LaTeX Info: Redefining \pmod on input line 909.
LaTeX Info: Redefining \smash on input line 939.
LaTeX Info: Redefining \relbar on input line 969.
LaTeX Info: Redefining \Relbar on input line 970.
\c@MaxMatrixCols=\count325
\dotsspace@=\muskip17
\c@parentequation=\count326
\dspbrk@lvl=\count327
\tag@help=\toks20
\row@=\count328
\column@=\count329
\maxfields@=\count330
\andhelp@=\toks21
\eqnshift@=\dimen260
\alignsep@=\dimen261
\tagshift@=\dimen262
\tagwidth@=\dimen263
\totwidth@=\dimen264
\lineht@=\dimen265
\@envbody=\toks22
\multlinegap=\skip65
\multlinetaggap=\skip66
\mathdisplay@stack=\toks23
LaTeX Info: Redefining \[ on input line 2965.
LaTeX Info: Redefining \] on input line 2966.
)
(c:/texlive/2026/texmf-dist/tex/latex/amsfonts/amsfonts.sty
Package: amsfonts 2013/01/14 v3.01 Basic AMSFonts support
\symAMSa=\mathgroup4
\symAMSb=\mathgroup5
LaTeX Font Info:    Redeclaring math symbol \hbar on input line 98.
LaTeX Font Info:    Overwriting math alphabet `\mathfrak' in version `bold'
(Font)                  U/euf/m/n --> U/euf/b/n on input line 106.
)
(c:/texlive/2026/texmf-dist/tex/latex/amsfonts/amssymb.sty
Package: amssymb 2013/01/14 v3.01 AMS font symbols
)
(c:/texlive/2026/texmf-dist/tex/latex/tools/bm.sty
Package: bm 2025/10/21 v1.2g Bold Symbol Support (DPC/FMi)
\symboldoperators=\mathgroup6
\symboldletters=\mathgroup7
\symboldsymbols=\mathgroup8
Package bm Info: No bold for \OMX/cmex/m/n, using \pmb.
Package bm Info: No bold for \U/msa/m/n, using \pmb.
Package bm Info: No bold for \U/msb/m/n, using \pmb.
LaTeX Font Info:    Redeclaring math alphabet \mathbf on input line 149.
)
(c:/texlive/2026/texmf-dist/tex/latex/graphics/color.sty
Package: color 2026-05-17 v1.3f Standard LaTeX Color (DPC)

(c:/texlive/2026/texmf-dist/tex/latex/graphics-cfg/color.cfg
File: color.cfg 2016/01/02 v1.6 sample color configuration
)
Package color Info: Driver file: xetex.def on input line 149.

(c:/texlive/2026/texmf-dist/tex/latex/graphics-def/xetex.def
File: xetex.def 2025/11/01 v5.0p Graphics/color driver for xetex
)
(c:/texlive/2026/texmf-dist/tex/latex/graphics/mathcolor.ltx))
(c:/texlive/2026/texmf-dist/tex/latex/xcolor/xcolor.sty
Package: xcolor 2024/09/29 v3.02 LaTeX color extensions (UK)

(c:/texlive/2026/texmf-dist/tex/latex/graphics-cfg/color.cfg
File: color.cfg 2016/01/02 v1.6 sample color configuration
)
Package xcolor Info: Driver file: xetex.def on input line 274.
LaTeX Info: Redefining \color on input line 762.

(c:/texlive/2026/texmf-dist/tex/latex/graphics/mathcolor.ltx)
Package xcolor Info: Model `cmy' substituted by `cmy0' on input line 1349.
Package xcolor Info: Model `RGB' extended on input line 1365.
Package xcolor Info: Model `HTML' substituted by `rgb' on input line 1367.
Package xcolor Info: Model `Hsb' substituted by `hsb' on input line 1368.
Package xcolor Info: Model `tHsb' substituted by `hsb' on input line 1369.
Package xcolor Info: Model `HSB' substituted by `hsb' on input line 1370.
Package xcolor Info: Model `Gray' substituted by `gray' on input line 1371.
Package xcolor Info: Model `wave' substituted by `hsb' on input line 1372.
)
(c:/texlive/2026/texmf-dist/tex/latex/graphics/graphicx.sty
Package: graphicx 2026-05-17 v1.2e Enhanced LaTeX Graphics (DPC,SPQR)

(c:/texlive/2026/texmf-dist/tex/latex/graphics/graphics.sty
Package: graphics 2026-05-17 v1.4h Standard LaTeX Graphics (DPC,SPQR)

(c:/texlive/2026/texmf-dist/tex/latex/graphics/trig.sty
Package: trig 2023/12/02 v1.11 sin cos tan (DPC)
)
(c:/texlive/2026/texmf-dist/tex/latex/graphics-cfg/graphics.cfg
File: graphics.cfg 2016/06/04 v1.11 sample graphics configuration
)
Package graphics Info: Driver file: xetex.def on input line 106.
)
\Gin@req@height=\dimen266
\Gin@req@width=\dimen267
)
(c:/texlive/2026/texmf-dist/tex/latex/tools/tabularx.sty
Package: tabularx 2023/12/11 v2.12a `tabularx' package (DPC)

(c:/texlive/2026/texmf-dist/tex/latex/tools/array.sty
Package: array 2026/02/24 v2.7b Tabular extension package (FMi)
\col@sep=\dimen268
\ar@mcellbox=\box63
\extrarowheight=\dimen269
\NC@list=\toks24
\extratabsurround=\skip67
\backup@length=\skip68
\ar@cellbox=\box64
)
\TX@col@width=\dimen270
\TX@old@table=\dimen271
\TX@old@col=\dimen272
\TX@target=\dimen273
\TX@delta=\dimen274
\TX@cols=\count331
\TX@ftn=\toks25
)
(c:/texlive/2026/texmf-dist/tex/latex/makecell/makecell.sty
Package: makecell 2009/08/03 V0.1e Managing of Tab Column Heads and Cells
\rotheadsize=\dimen275
\c@nlinenum=\count332
\TeXr@lab=\toks26
)
(c:/texlive/2026/texmf-dist/tex/latex/tools/longtable.sty
Package: longtable 2026-01-28 v4.27 Multi-page Table package (DPC)
\LTleft=\skip69
\LTright=\skip70
\LTpre=\skip71
\LTpost=\skip72
\LTchunksize=\count333
\LTcapwidth=\dimen276
\LT@head=\box65
\LT@firsthead=\box66
\LT@foot=\box67
\LT@lastfoot=\box68
\LT@gbox=\box69
\LT@cols=\count334
\LT@rows=\count335
\c@LT@tables=\count336
\c@LT@chunks=\count337
\LT@p@ftn=\toks27
)
(c:/texlive/2026/texmf-dist/tex/latex/booktabs/booktabs.sty
Package: booktabs 2020/01/12 v1.61803398 Publication quality tables
\heavyrulewidth=\dimen277
\lightrulewidth=\dimen278
\cmidrulewidth=\dimen279
\belowrulesep=\dimen280
\belowbottomsep=\dimen281
\aboverulesep=\dimen282
\abovetopsep=\dimen283
\cmidrulesep=\dimen284
\cmidrulekern=\dimen285
\defaultaddspace=\dimen286
\@cmidla=\count338
\@cmidlb=\count339
\@aboverulesep=\dimen287
\@belowrulesep=\dimen288
\@thisruleclass=\count340
\@lastruleclass=\count341
\@thisrulewidth=\dimen289
)
(c:/texlive/2026/texmf-dist/tex/latex/multirow/multirow.sty
Package: multirow 2024/11/12 v2.9 Span multiple rows of a table
\multirow@colwidth=\skip73
\multirow@cntb=\count342
\multirow@dima=\skip74
\bigstrutjot=\dimen290
)
(c:/texlive/2026/texmf-dist/tex/latex/multirow/bigstrut.sty
Package: bigstrut 2024/11/12 v2.9 Provide larger struts in tabulars
)
(c:/texlive/2026/texmf-dist/tex/latex/multirow/bigdelim.sty
Package: bigdelim 2024/11/12 v2.9 Create big delimiters in tabular or array
)
(c:/texlive/2026/texmf-dist/tex/latex/cprotect/cprotect.sty
Package: cprotect 2026/04/17 v1.0f (Bruno Le Floch)

(c:/texlive/2026/texmf-dist/tex/latex/base/ifthen.sty
Package: ifthen 2024/03/16 v1.1e Standard LaTeX ifthen package (DPC)
)
(c:/texlive/2026/texmf-dist/tex/latex/bigfoot/suffix.sty
Package: suffix 2006/07/15 1.5a Variant command support
)
\CPT@WriteOut=\write3
\c@CPT@WriteCount=\count343
\c@CPT@numB=\count344
\CPT@commandatend@toks=\toks28
)
(c:/texlive/2026/texmf-dist/tex/latex/listings/listings.sty
\lst@mode=\count345
\lst@gtempboxa=\box70
\lst@token=\toks29
\lst@length=\count346
\lst@currlwidth=\dimen291
\lst@column=\count347
\lst@pos=\count348
\lst@lostspace=\dimen292
\lst@width=\dimen293
\lst@newlines=\count349
\lst@lineno=\count350
\lst@maxwidth=\dimen294

(c:/texlive/2026/texmf-dist/tex/latex/listings/lstpatch.sty
File: lstpatch.sty 2025/11/14 1.11b (Carsten Heinz)
)
(c:/texlive/2026/texmf-dist/tex/latex/listings/lstmisc.sty
File: lstmisc.sty 2025/11/14 1.11b (Carsten Heinz)
\c@lstnumber=\count351
\lst@skipnumbers=\count352
\lst@framebox=\box71
)
(c:/texlive/2026/texmf-dist/tex/latex/listings/listings.cfg
File: listings.cfg 2025/11/14 1.11b listings configuration
))
Package: listings 2025/11/14 1.11b (Carsten Heinz)

(c:/texlive/2026/texmf-dist/tex/xelatex/xecjk/xeCJK-listings.sty
Package: xeCJK-listings 2026/08/21 v3.10.6 xeCJK patch file for listings
\l__xeCJK_listings_max_char_int=\count353
\l__xeCJK_listings_flag_int=\count354
)
(c:/texlive/2026/texmf-dist/tex/latex/tools/indentfirst.sty
Package: indentfirst 2023/07/02 v1.03 Indent first paragraph (DPC)
)
(c:/texlive/2026/texmf-dist/tex/latex/caption/caption.sty
Package: caption 2023/08/05 v3.6o Customizing captions (AR)

(c:/texlive/2026/texmf-dist/tex/latex/caption/caption3.sty
Package: caption3 2023/07/31 v2.4d caption3 kernel (AR)
\caption@tempdima=\dimen295
\captionmargin=\dimen296
\caption@leftmargin=\dimen297
\caption@rightmargin=\dimen298
\caption@width=\dimen299
\caption@indent=\dimen300
\caption@parindent=\dimen301
\caption@hangindent=\dimen302
Package caption Info: Standard document class detected.
)
\c@caption@flags=\count355
\c@continuedfloat=\count356
Package caption Info: listings package is loaded.
Package caption Info: longtable package is loaded.

(c:/texlive/2026/texmf-dist/tex/latex/caption/ltcaption.sty
Package: ltcaption 2021/01/08 v1.4c longtable captions (AR)
))
(c:/texlive/2026/texmf-dist/tex/latex/enumitem/enumitem.sty
Package: enumitem 2025/02/06 v3.11 Customized lists
\labelindent=\skip75
\enit@outerparindent=\dimen303
\enit@toks=\toks30
\enit@inbox=\box72
\enit@count@id=\count357
\enitdp@description=\count358
)
(c:/texlive/2026/texmf-dist/tex/generic/ulem/ulem.sty
\UL@box=\box73
\UL@hyphenbox=\box74
\UL@skip=\skip76
\UL@hook=\toks31
\UL@height=\dimen304
\UL@pe=\count359
\UL@pixel=\dimen305
\ULC@box=\box75
Package: ulem 2019/11/18
\ULdepth=\dimen306
)
(c:/texlive/2026/texmf-dist/tex/latex/tools/calc.sty
Package: calc 2025/03/01 v4.3b Infix arithmetic (KKT,FJ)
\calc@Acount=\count360
\calc@Bcount=\count361
\calc@Adimen=\dimen307
\calc@Bdimen=\dimen308
\calc@Askip=\skip77
\calc@Bskip=\skip78
LaTeX Info: Redefining \setlength on input line 86.
LaTeX Info: Redefining \addtolength on input line 87.
\calc@Ccount=\count362
\calc@Cskip=\skip79
)
(c:/texlive/2026/texmf-dist/tex/latex/titlesec/titletoc.sty
Package: titletoc 2025/01/04 v2.17 TOC entries
\ttl@leftsep=\dimen309
)
(c:/texlive/2026/texmf-dist/tex/latex/url/url.sty
\Urlmuskip=\muskip18
Package: url 2013/09/16  ver 3.4  Verb mode for urls, etc.
)
(c:/texlive/2026/texmf-dist/tex/latex/natbib/natbib.sty
Package: natbib 2010/09/13 8.31b (PWD, AO)
\bibhang=\skip80
\bibsep=\skip81
LaTeX Info: Redefining \cite on input line 694.
\c@NAT@ctr=\count363
)
(c:/texlive/2026/texmf-dist/tex/latex/etoolbox/etoolbox.sty
Package: etoolbox 2025/10/02 v2.5m e-TeX tools for LaTeX (JAW)
\etb@tempcnta=\count364
)
(c:/texlive/2026/texmf-dist/tex/latex/hyperref/hyperref.sty
Package: hyperref 2026-06-17 v7.01r Hypertext links for LaTeX

(c:/texlive/2026/texmf-dist/tex/latex/kvsetkeys/kvsetkeys.sty
Package: kvsetkeys 2022-10-05 v1.19 Key value parser (HO)
)
(c:/texlive/2026/texmf-dist/tex/generic/kvdefinekeys/kvdefinekeys.sty
Package: kvdefinekeys 2019-12-19 v1.6 Define keys (HO)
)
(c:/texlive/2026/texmf-dist/tex/generic/pdfescape/pdfescape.sty
Package: pdfescape 2019/12/09 v1.15 Implements pdfTeX's escape features (HO)

(c:/texlive/2026/texmf-dist/tex/generic/ltxcmds/ltxcmds.sty
Package: ltxcmds 2023-12-04 v1.26 LaTeX kernel commands for general use (HO)
)
(c:/texlive/2026/texmf-dist/tex/generic/pdftexcmds/pdftexcmds.sty
Package: pdftexcmds 2020-06-27 v0.33 Utility functions of pdfTeX for LuaTeX (HO
)

(c:/texlive/2026/texmf-dist/tex/generic/infwarerr/infwarerr.sty
Package: infwarerr 2019/12/03 v1.5 Providing info/warning/error messages (HO)
)
Package pdftexcmds Info: \pdf@primitive is available.
Package pdftexcmds Info: \pdf@ifprimitive is available.
Package pdftexcmds Info: \pdfdraftmode not found.
))
(c:/texlive/2026/texmf-dist/tex/latex/hycolor/hycolor.sty
Package: hycolor 2020-01-27 v1.10 Color options for hyperref/bookmark (HO)
)
(c:/texlive/2026/texmf-dist/tex/latex/hyperref/nameref.sty
Package: nameref 2026-01-29 v2.58 Cross-referencing by name of section

(c:/texlive/2026/texmf-dist/tex/latex/refcount/refcount.sty
Package: refcount 2019/12/15 v3.6 Data extraction from label references (HO)
)
(c:/texlive/2026/texmf-dist/tex/generic/gettitlestring/gettitlestring.sty
Package: gettitlestring 2019/12/15 v1.6 Cleanup title references (HO)

(c:/texlive/2026/texmf-dist/tex/latex/kvoptions/kvoptions.sty
Package: kvoptions 2022-06-15 v3.15 Key value format for package options (HO)
))
\c@section@level=\count365
)
(c:/texlive/2026/texmf-dist/tex/generic/stringenc/stringenc.sty
Package: stringenc 2019/11/29 v1.12 Convert strings between diff. encodings (HO
)
)
\@linkdim=\dimen310
\Hy@linkcounter=\count366
\Hy@pagecounter=\count367

(c:/texlive/2026/texmf-dist/tex/latex/hyperref/pd1enc.def
File: pd1enc.def 2026-06-17 v7.01r Hyperref: PDFDocEncoding definition (HO)
)
(c:/texlive/2026/texmf-dist/tex/generic/intcalc/intcalc.sty
Package: intcalc 2019/12/15 v1.3 Expandable calculations with integers (HO)
)
\Hy@SavedSpaceFactor=\count368

(c:/texlive/2026/texmf-dist/tex/latex/hyperref/puenc.def
File: puenc.def 2026-06-17 v7.01r Hyperref: PDF Unicode definition (HO)
)
Package hyperref Info: Option `unicode' set `true' on input line 4070.
Package hyperref Info: Hyper figures OFF on input line 4199.
Package hyperref Info: Link nesting OFF on input line 4204.
Package hyperref Info: Hyper index ON on input line 4207.
Package hyperref Info: Plain pages OFF on input line 4214.
Package hyperref Info: Backreferencing OFF on input line 4219.
Package hyperref Info: Implicit mode ON; LaTeX internals redefined.
Package hyperref Info: Bookmarks ON on input line 4466.
\c@Hy@tempcnt=\count369
LaTeX Info: Redefining \url on input line 4805.
\XeTeXLinkMargin=\dimen311

(c:/texlive/2026/texmf-dist/tex/generic/bitset/bitset.sty
Package: bitset 2019/12/09 v1.3 Handle bit-vector datatype (HO)

(c:/texlive/2026/texmf-dist/tex/generic/bigintcalc/bigintcalc.sty
Package: bigintcalc 2019/12/15 v1.5 Expandable calculations on big integers (HO
)
))
\Fld@menulength=\count370
\Field@Width=\dimen312
\Fld@charsize=\dimen313
Package hyperref Info: Hyper figures OFF on input line 6091.
Package hyperref Info: Link nesting OFF on input line 6096.
Package hyperref Info: Hyper index ON on input line 6099.
Package hyperref Info: backreferencing OFF on input line 6106.
Package hyperref Info: Link coloring OFF on input line 6111.
Package hyperref Info: Link coloring with OCG OFF on input line 6116.
Package hyperref Info: PDF/A mode OFF on input line 6121.
\Hy@abspage=\count371
\c@Item=\count372
\c@Hfootnote=\count373
)
Package hyperref Info: Driver (autodetected): hxetex.

(c:/texlive/2026/texmf-dist/tex/latex/hyperref/hxetex.def
File: hxetex.def 2026-06-17 v7.01r Hyperref driver for XeTeX
\pdfm@box=\box76
\c@Hy@AnnotLevel=\count374
\HyField@AnnotCount=\count375
\Fld@listcount=\count376
\c@bookmark@seq@number=\count377

(c:/texlive/2026/texmf-dist/tex/latex/rerunfilecheck/rerunfilecheck.sty
Package: rerunfilecheck 2025-06-21 v1.11 Rerun checks for auxiliary files (HO)

(c:/texlive/2026/texmf-dist/tex/generic/uniquecounter/uniquecounter.sty
Package: uniquecounter 2019/12/15 v1.4 Provide unlimited unique counter (HO)
)
Package uniquecounter Info: New unique counter `rerunfilecheck' on input line 2
84.
)
\Hy@SectionHShift=\skip82
)

Package fontspec Info: 
(fontspec)             Font family 'TimesNewRoman(0)' created for font 'Times
(fontspec)             New Roman' with options [Ligatures=TeX].
(fontspec)              
(fontspec)              This font family consists of the following NFSS
(fontspec)             series/shapes:
(fontspec)              
(fontspec)             - 'normal' (m/n) with NFSS spec.: <->"Times New
(fontspec)             Roman/OT:script=latn;language=dflt;mapping=tex-text;"
(fontspec)             - 'small caps'  (m/sc) with NFSS spec.: <->"Times New
(fontspec)             Roman/OT:script=latn;language=dflt;+smcp;mapping=tex-tex
t;"
(fontspec)             - 'bold' (b/n) with NFSS spec.: <->"Times New
(fontspec)             Roman/B/OT:script=latn;language=dflt;mapping=tex-text;"
(fontspec)             - 'bold small caps'  (b/sc) with NFSS spec.: <->"Times
(fontspec)             New
(fontspec)             Roman/B/OT:script=latn;language=dflt;+smcp;mapping=tex-t
ext;"
(fontspec)             - 'italic' (m/it) with NFSS spec.: <->"Times New
(fontspec)             Roman/I/OT:script=latn;language=dflt;mapping=tex-text;"
(fontspec)             - 'italic small caps'  (m/scit) with NFSS spec.:
(fontspec)             <->"Times New
(fontspec)             Roman/I/OT:script=latn;language=dflt;+smcp;mapping=tex-t
ext;"
(fontspec)             - 'bold italic' (b/it) with NFSS spec.: <->"Times New
(fontspec)             Roman/BI/OT:script=latn;language=dflt;mapping=tex-text;"

(fontspec)             - 'bold italic small caps'  (b/scit) with NFSS spec.:
(fontspec)             <->"Times New
(fontspec)             Roman/BI/OT:script=latn;language=dflt;+smcp;mapping=tex-
text;"


Package fontspec Info: 
(fontspec)             Font family 'CourierNew(0)' created for font 'Courier
(fontspec)             New' with options
(fontspec)             [WordSpace={1,0,0},HyphenChar=None,PunctuationSpace=Word
Space].
(fontspec)              
(fontspec)              This font family consists of the following NFSS
(fontspec)             series/shapes:
(fontspec)              
(fontspec)             - 'normal' (m/n) with NFSS spec.: <->"Courier
(fontspec)             New/OT:script=latn;language=dflt;"
(fontspec)             - 'bold' (b/n) with NFSS spec.: <->"Courier
(fontspec)             New/B/OT:script=latn;language=dflt;"
(fontspec)             - 'italic' (m/it) with NFSS spec.: <->"Courier
(fontspec)             New/I/OT:script=latn;language=dflt;"
(fontspec)             - 'bold italic' (b/it) with NFSS spec.: <->"Courier
(fontspec)             New/BI/OT:script=latn;language=dflt;"


Package fontspec Info: 
(fontspec)             Font family 'Arial(0)' created for font 'Arial' with
(fontspec)             options [Ligatures=TeX].
(fontspec)              
(fontspec)              This font family consists of the following NFSS
(fontspec)             series/shapes:
(fontspec)              
(fontspec)             - 'normal' (m/n) with NFSS spec.:
(fontspec)             <->"Arial/OT:script=latn;language=dflt;mapping=tex-text;
"
(fontspec)             - 'small caps'  (m/sc) with NFSS spec.:
(fontspec)             <->"Arial/OT:script=latn;language=dflt;+smcp;mapping=tex
-text;"
(fontspec)             - 'bold' (b/n) with NFSS spec.:
(fontspec)             <->"Arial/B/OT:script=latn;language=dflt;mapping=tex-tex
t;"
(fontspec)             - 'bold small caps'  (b/sc) with NFSS spec.:
(fontspec)             <->"Arial/B/OT:script=latn;language=dflt;+smcp;mapping=t
ex-text;"
(fontspec)             - 'italic' (m/it) with NFSS spec.:
(fontspec)             <->"Arial/I/OT:script=latn;language=dflt;mapping=tex-tex
t;"
(fontspec)             - 'italic small caps'  (m/scit) with NFSS spec.:
(fontspec)             <->"Arial/I/OT:script=latn;language=dflt;+smcp;mapping=t
ex-text;"
(fontspec)             - 'bold italic' (b/it) with NFSS spec.:
(fontspec)             <->"Arial/BI/OT:script=latn;language=dflt;mapping=tex-te
xt;"
(fontspec)             - 'bold italic small caps'  (b/scit) with NFSS spec.:
(fontspec)             <->"Arial/BI/OT:script=latn;language=dflt;+smcp;mapping=
tex-text;"



Package xeCJK Warning: Redefining CJKfamily `\CJKrmdefault' (SimSun(0)).


Package fontspec Info: 
(fontspec)             Could not resolve font "KaiTi/B" (it probably doesn't
(fontspec)             exist).


Package fontspec Info: 
(fontspec)             Could not resolve font "SimSun/I" (it probably doesn't
(fontspec)             exist).


Package fontspec Info: 
(fontspec)             Could not resolve font "SimSun/BI" (it probably doesn't
(fontspec)             exist).


Package fontspec Info: 
(fontspec)             Font family 'SimSun(1)' created for font 'SimSun' with
(fontspec)             options
(fontspec)             [Script={CJK},AutoFakeBold={2.15},ItalicFont={KaiTi}].
(fontspec)              
(fontspec)              This font family consists of the following NFSS
(fontspec)             series/shapes:
(fontspec)              
(fontspec)             - 'normal' (m/n) with NFSS spec.:
(fontspec)             <->"SimSun/OT:script=hani;language=dflt;"
(fontspec)             - 'bold' (b/n) with NFSS spec.:
(fontspec)             <->"SimSun/OT:script=hani;language=dflt;embolden=2.15;"
(fontspec)             - 'italic' (m/it) with NFSS spec.:
(fontspec)             <->"KaiTi/OT:script=hani;language=dflt;"


Package xeCJK Warning: Redefining CJKfamily `zhkai' (KaiTi).


Package xeCJK Warning: Redefining CJKfamily `\CJKsfdefault' (Microsoft YaHei).


Package xeCJK Warning: Redefining CJKfamily `zhsong' (SimSun).


Package xeCJK Warning: Redefining CJKfamily `zhhei' (SimHei).


Package hyperref Warning: Option `hyperfootnotes' has already been used,
(hyperref)                setting the option has no effect on input line 268.


Package hyperref Warning: Option `hyperindex' has already been used,
(hyperref)                setting the option has no effect on input line 268.

Package hyperref Info: Option `colorlinks' set `true' on input line 268.
Package hyperref Info: Option `bookmarksnumbered' set `true' on input line 268.

Package hyperref Info: Option `bookmarksopen' set `true' on input line 268.
Package hyperref Info: Option `breaklinks' set `true' on input line 268.
(c:/texlive/2026/texmf-dist/tex/latex/tocloft/tocloft.sty
Package: tocloft 2026-09-12 v3.0c parameterised ToC, etc., typesetting
Package tocloft Info: The document has section divisions on input line 64.
\cftparskip=\skip83
\cftbeforetoctitleskip=\skip84
\cftaftertoctitleskip=\skip85
\cftbeforepartskip=\skip86
\cftpartnumwidth=\skip87
\cftpartindent=\skip88
\cftbeforesecskip=\skip89
\cftsecindent=\skip90
\cftsecnumwidth=\skip91
\cftbeforesubsecskip=\skip92
\cftsubsecindent=\skip93
\cftsubsecnumwidth=\skip94
\cftbeforesubsubsecskip=\skip95
\cftsubsubsecindent=\skip96
\cftsubsubsecnumwidth=\skip97
\cftbeforeparaskip=\skip98
\cftparaindent=\skip99
\cftparanumwidth=\skip100
\cftbeforesubparaskip=\skip101
\cftsubparaindent=\skip102
\cftsubparanumwidth=\skip103
\cftbeforeloftitleskip=\skip104
\cftafterloftitleskip=\skip105
\cftbeforefigskip=\skip106
\cftfigindent=\skip107
\cftfignumwidth=\skip108
\c@lofdepth=\count378
\c@lotdepth=\count379
\cftbeforelottitleskip=\skip109
\cftafterlottitleskip=\skip110
\cftbeforetabskip=\skip111
\cfttabindent=\skip112
\cfttabnumwidth=\skip113
)
(c:/texlive/2026/texmf-dist/tex/latex/appendix/appendix.sty
Package: appendix 2020/02/08 v1.2c extra appendix facilities
\c@@pps=\count380
\c@@ppsavesec=\count381
\c@@ppsaveapp=\count382
))
(c:/texlive/2026/texmf-dist/tex/latex/mdframed/mdframed.sty
Package: mdframed 2013/07/01 1.9b: mdframed

(c:/texlive/2026/texmf-dist/tex/latex/l3packages/xparse/xparse.sty
Package: xparse 2025-10-09 L3 Experimental document command parser
)
(c:/texlive/2026/texmf-dist/tex/latex/zref/zref-abspage.sty
Package: zref-abspage 2026-09-16 v2.38 Module abspage for zref (HO)

(c:/texlive/2026/texmf-dist/tex/latex/zref/zref-base.sty
Package: zref-base 2026-09-16 v2.38 Module base for zref (HO)

(c:/texlive/2026/texmf-dist/tex/generic/etexcmds/etexcmds.sty
Package: etexcmds 2019/12/15 v1.7 Avoid name clashes with e-TeX commands (HO)
)
(c:/texlive/2026/texmf-dist/tex/latex/auxhook/auxhook.sty
Package: auxhook 2019-12-17 v1.6 Hooks for auxiliary files (HO)
)
Package zref Info: New property list: main on input line 772.
Package zref Info: New property: default on input line 773.
Package zref Info: New property: page on input line 774.
)
\c@abspage=\count383
Package zref Info: New property: abspage on input line 68.
)
(c:/texlive/2026/texmf-dist/tex/latex/needspace/needspace.sty
Package: needspace 2025/03/13 v1.3e reserve vertical space
)
\mdf@templength=\skip114
\c@mdf@globalstyle@cnt=\count384
\mdf@skipabove@length=\skip115
\mdf@skipbelow@length=\skip116
\mdf@leftmargin@length=\skip117
\mdf@rightmargin@length=\skip118
\mdf@innerleftmargin@length=\skip119
\mdf@innerrightmargin@length=\skip120
\mdf@innertopmargin@length=\skip121
\mdf@innerbottommargin@length=\skip122
\mdf@splittopskip@length=\skip123
\mdf@splitbottomskip@length=\skip124
\mdf@outermargin@length=\skip125
\mdf@innermargin@length=\skip126
\mdf@linewidth@length=\skip127
\mdf@innerlinewidth@length=\skip128
\mdf@middlelinewidth@length=\skip129
\mdf@outerlinewidth@length=\skip130
\mdf@roundcorner@length=\skip131
\mdf@footenotedistance@length=\skip132
\mdf@userdefinedwidth@length=\skip133
\mdf@needspace@length=\skip134
\mdf@frametitleaboveskip@length=\skip135
\mdf@frametitlebelowskip@length=\skip136
\mdf@frametitlerulewidth@length=\skip137
\mdf@frametitleleftmargin@length=\skip138
\mdf@frametitlerightmargin@length=\skip139
\mdf@shadowsize@length=\skip140
\mdf@extratopheight@length=\skip141
\mdf@subtitleabovelinewidth@length=\skip142
\mdf@subtitlebelowlinewidth@length=\skip143
\mdf@subtitleaboveskip@length=\skip144
\mdf@subtitlebelowskip@length=\skip145
\mdf@subtitleinneraboveskip@length=\skip146
\mdf@subtitleinnerbelowskip@length=\skip147
\mdf@subsubtitleabovelinewidth@length=\skip148
\mdf@subsubtitlebelowlinewidth@length=\skip149
\mdf@subsubtitleaboveskip@length=\skip150
\mdf@subsubtitlebelowskip@length=\skip151
\mdf@subsubtitleinneraboveskip@length=\skip152
\mdf@subsubtitleinnerbelowskip@length=\skip153

(c:/texlive/2026/texmf-dist/tex/latex/pgf/frontendlayer/tikz.sty
(c:/texlive/2026/texmf-dist/tex/latex/pgf/basiclayer/pgf.sty
(c:/texlive/2026/texmf-dist/tex/latex/pgf/utilities/pgfrcs.sty
(c:/texlive/2026/texmf-dist/tex/generic/pgf/utilities/pgfutil-common.tex
\pgfutil@everybye=\toks32
\pgfutil@tempdima=\dimen314
\pgfutil@tempdimb=\dimen315
)
(c:/texlive/2026/texmf-dist/tex/generic/pgf/utilities/pgfutil-latex.def
\pgfutil@abb=\box77
)
(c:/texlive/2026/texmf-dist/tex/generic/pgf/utilities/pgfrcs.code.tex
(c:/texlive/2026/texmf-dist/tex/generic/pgf/pgf.revision.tex)
Package: pgfrcs 2026-08-01 v3.1.12 (3.1.12)
))
Package: pgf 2026-08-01 v3.1.12 (3.1.12)

(c:/texlive/2026/texmf-dist/tex/latex/pgf/basiclayer/pgfcore.sty
(c:/texlive/2026/texmf-dist/tex/latex/pgf/systemlayer/pgfsys.sty
(c:/texlive/2026/texmf-dist/tex/generic/pgf/systemlayer/pgfsys.code.tex
Package: pgfsys 2026-08-01 v3.1.12 (3.1.12)

(c:/texlive/2026/texmf-dist/tex/generic/pgf/utilities/pgfkeys.code.tex
\pgfkeys@pathtoks=\toks33
\pgfkeys@temptoks=\toks34

(c:/texlive/2026/texmf-dist/tex/generic/pgf/utilities/pgfkeyslibraryfiltered.co
de.tex
\pgfkeys@tmptoks=\toks35
))
\pgf@x=\dimen316
\pgf@y=\dimen317
\pgf@xa=\dimen318
\pgf@ya=\dimen319
\pgf@xb=\dimen320
\pgf@yb=\dimen321
\pgf@xc=\dimen322
\pgf@yc=\dimen323
\pgf@xd=\dimen324
\pgf@yd=\dimen325
\w@pgf@writea=\write4
\r@pgf@reada=\read2
\c@pgf@counta=\count385
\c@pgf@countb=\count386
\c@pgf@countc=\count387
\c@pgf@countd=\count388
\t@pgf@toka=\toks36
\t@pgf@tokb=\toks37
\t@pgf@tokc=\toks38
\pgf@sys@id@count=\count389
 (c:/texlive/2026/texmf-dist/tex/generic/pgf/systemlayer/pgf.cfg
File: pgf.cfg 2026-08-01 v3.1.12 (3.1.12)
)
Driver file for pgf: pgfsys-xetex.def

(c:/texlive/2026/texmf-dist/tex/generic/pgf/systemlayer/pgfsys-xetex.def
File: pgfsys-xetex.def 2026-08-01 v3.1.12 (3.1.12)

(c:/texlive/2026/texmf-dist/tex/generic/pgf/systemlayer/pgfsys-dvipdfmx.def
File: pgfsys-dvipdfmx.def 2026-08-01 v3.1.12 (3.1.12)

(c:/texlive/2026/texmf-dist/tex/generic/pgf/systemlayer/pgfsys-common-pdf.def
File: pgfsys-common-pdf.def 2026-08-01 v3.1.12 (3.1.12)
)
\pgfsys@objnum=\count390
)))
(c:/texlive/2026/texmf-dist/tex/generic/pgf/systemlayer/pgfsyssoftpath.code.tex
File: pgfsyssoftpath.code.tex 2026-08-01 v3.1.12 (3.1.12)
\pgfsyssoftpath@smallbuffer@items=\count391
\pgfsyssoftpath@bigbuffer@items=\count392
)
(c:/texlive/2026/texmf-dist/tex/generic/pgf/systemlayer/pgfsysprotocol.code.tex
File: pgfsysprotocol.code.tex 2026-08-01 v3.1.12 (3.1.12)
)) (c:/texlive/2026/texmf-dist/tex/generic/pgf/basiclayer/pgfcore.code.tex
Package: pgfcore 2026-08-01 v3.1.12 (3.1.12)

(c:/texlive/2026/texmf-dist/tex/generic/pgf/math/pgfmath.code.tex
(c:/texlive/2026/texmf-dist/tex/generic/pgf/math/pgfmathutil.code.tex)
(c:/texlive/2026/texmf-dist/tex/generic/pgf/math/pgfmathparser.code.tex
\pgfmath@dimen=\dimen326
\pgfmath@count=\count393
\pgfmath@box=\box78
\pgfmath@toks=\toks39
\pgfmath@stack@operand=\toks40
\pgfmath@stack@operation=\toks41
)
(c:/texlive/2026/texmf-dist/tex/generic/pgf/math/pgfmathfunctions.code.tex)
(c:/texlive/2026/texmf-dist/tex/generic/pgf/math/pgfmathfunctions.basic.code.te
x)
(c:/texlive/2026/texmf-dist/tex/generic/pgf/math/pgfmathfunctions.trigonometric
.code.tex)
(c:/texlive/2026/texmf-dist/tex/generic/pgf/math/pgfmathfunctions.random.code.t
ex)
(c:/texlive/2026/texmf-dist/tex/generic/pgf/math/pgfmathfunctions.comparison.co
de.tex)
(c:/texlive/2026/texmf-dist/tex/generic/pgf/math/pgfmathfunctions.base.code.tex
)
(c:/texlive/2026/texmf-dist/tex/generic/pgf/math/pgfmathfunctions.round.code.te
x)
(c:/texlive/2026/texmf-dist/tex/generic/pgf/math/pgfmathfunctions.misc.code.tex
)
(c:/texlive/2026/texmf-dist/tex/generic/pgf/math/pgfmathfunctions.integerarithm
etics.code.tex)
(c:/texlive/2026/texmf-dist/tex/generic/pgf/math/pgfmathcalc.code.tex)
(c:/texlive/2026/texmf-dist/tex/generic/pgf/math/pgfmathfloat.code.tex
\c@pgfmathroundto@lastzeros=\count394
))
(c:/texlive/2026/texmf-dist/tex/generic/pgf/math/pgfint.code.tex)
(c:/texlive/2026/texmf-dist/tex/generic/pgf/basiclayer/pgfcorepoints.code.tex
File: pgfcorepoints.code.tex 2026-08-01 v3.1.12 (3.1.12)
\pgf@picminx=\dimen327
\pgf@picmaxx=\dimen328
\pgf@picminy=\dimen329
\pgf@picmaxy=\dimen330
\pgf@pathminx=\dimen331
\pgf@pathmaxx=\dimen332
\pgf@pathminy=\dimen333
\pgf@pathmaxy=\dimen334
\pgf@xx=\dimen335
\pgf@xy=\dimen336
\pgf@yx=\dimen337
\pgf@yy=\dimen338
\pgf@zx=\dimen339
\pgf@zy=\dimen340
)
(c:/texlive/2026/texmf-dist/tex/generic/pgf/basiclayer/pgfcorepathconstruct.cod
e.tex
File: pgfcorepathconstruct.code.tex 2026-08-01 v3.1.12 (3.1.12)
\pgf@path@lastx=\dimen341
\pgf@path@lasty=\dimen342
)
(c:/texlive/2026/texmf-dist/tex/generic/pgf/basiclayer/pgfcorepathusage.code.te
x
File: pgfcorepathusage.code.tex 2026-08-01 v3.1.12 (3.1.12)
\pgf@shorten@end@additional=\dimen343
\pgf@shorten@start@additional=\dimen344
)
(c:/texlive/2026/texmf-dist/tex/generic/pgf/basiclayer/pgfcorescopes.code.tex
File: pgfcorescopes.code.tex 2026-08-01 v3.1.12 (3.1.12)
\pgfpic=\box79
\pgf@hbox=\box80
\pgf@layerbox@main=\box81
\pgf@picture@serial@count=\count395
)
(c:/texlive/2026/texmf-dist/tex/generic/pgf/basiclayer/pgfcoregraphicstate.code
.tex
File: pgfcoregraphicstate.code.tex 2026-08-01 v3.1.12 (3.1.12)
\pgflinewidth=\dimen345
)
(c:/texlive/2026/texmf-dist/tex/generic/pgf/basiclayer/pgfcoretransformations.c
ode.tex
File: pgfcoretransformations.code.tex 2026-08-01 v3.1.12 (3.1.12)
\pgf@pt@x=\dimen346
\pgf@pt@y=\dimen347
\pgf@pt@temp=\dimen348
)
(c:/texlive/2026/texmf-dist/tex/generic/pgf/basiclayer/pgfcorequick.code.tex
File: pgfcorequick.code.tex 2026-08-01 v3.1.12 (3.1.12)
)
(c:/texlive/2026/texmf-dist/tex/generic/pgf/basiclayer/pgfcoreobjects.code.tex
File: pgfcoreobjects.code.tex 2026-08-01 v3.1.12 (3.1.12)
)
(c:/texlive/2026/texmf-dist/tex/generic/pgf/basiclayer/pgfcorepathprocessing.co
de.tex
File: pgfcorepathprocessing.code.tex 2026-08-01 v3.1.12 (3.1.12)
)
(c:/texlive/2026/texmf-dist/tex/generic/pgf/basiclayer/pgfcorearrows.code.tex
File: pgfcorearrows.code.tex 2026-08-01 v3.1.12 (3.1.12)
\pgfarrowsep=\dimen349
)
(c:/texlive/2026/texmf-dist/tex/generic/pgf/basiclayer/pgfcoreshade.code.tex
File: pgfcoreshade.code.tex 2026-08-01 v3.1.12 (3.1.12)
\pgf@max=\dimen350
\pgf@sys@shading@range@num=\count396
\pgf@shadingcount=\count397
)
(c:/texlive/2026/texmf-dist/tex/generic/pgf/basiclayer/pgfcoreimage.code.tex
File: pgfcoreimage.code.tex 2026-08-01 v3.1.12 (3.1.12)
)
(c:/texlive/2026/texmf-dist/tex/generic/pgf/basiclayer/pgfcoreexternal.code.tex
File: pgfcoreexternal.code.tex 2026-08-01 v3.1.12 (3.1.12)
\pgfexternal@startupbox=\box82
) (c:/texlive/2026/texmf-dist/tex/generic/pgf/basiclayer/pgfcorelayers.code.tex
File: pgfcorelayers.code.tex 2026-08-01 v3.1.12 (3.1.12)
)
(c:/texlive/2026/texmf-dist/tex/generic/pgf/basiclayer/pgfcoretransparency.code
.tex
File: pgfcoretransparency.code.tex 2026-08-01 v3.1.12 (3.1.12)
)
(c:/texlive/2026/texmf-dist/tex/generic/pgf/basiclayer/pgfcorepatterns.code.tex
File: pgfcorepatterns.code.tex 2026-08-01 v3.1.12 (3.1.12)
) (c:/texlive/2026/texmf-dist/tex/generic/pgf/basiclayer/pgfcorerdf.code.tex
File: pgfcorerdf.code.tex 2026-08-01 v3.1.12 (3.1.12)
))) (c:/texlive/2026/texmf-dist/tex/generic/pgf/modules/pgfmoduleshapes.code.te
x
File: pgfmoduleshapes.code.tex 2026-08-01 v3.1.12 (3.1.12)
\pgfnodeparttextbox=\box83
)
(c:/texlive/2026/texmf-dist/tex/generic/pgf/modules/pgfmoduleplot.code.tex
File: pgfmoduleplot.code.tex 2026-08-01 v3.1.12 (3.1.12)
)
(c:/texlive/2026/texmf-dist/tex/latex/pgf/compatibility/pgfcomp-version-0-65.st
y
Package: pgfcomp-version-0-65 2026-08-01 v3.1.12 (3.1.12)
\pgf@nodesepstart=\dimen351
\pgf@nodesepend=\dimen352
)
(c:/texlive/2026/texmf-dist/tex/latex/pgf/compatibility/pgfcomp-version-1-18.st
y
Package: pgfcomp-version-1-18 2026-08-01 v3.1.12 (3.1.12)
)) (c:/texlive/2026/texmf-dist/tex/latex/pgf/utilities/pgffor.sty
(c:/texlive/2026/texmf-dist/tex/latex/pgf/utilities/pgfkeys.sty
(c:/texlive/2026/texmf-dist/tex/generic/pgf/utilities/pgfkeys.code.tex))
(c:/texlive/2026/texmf-dist/tex/latex/pgf/math/pgfmath.sty
(c:/texlive/2026/texmf-dist/tex/generic/pgf/math/pgfmath.code.tex))
(c:/texlive/2026/texmf-dist/tex/generic/pgf/utilities/pgffor.code.tex
Package: pgffor 2026-08-01 v3.1.12 (3.1.12)
\pgffor@iter=\dimen353
\pgffor@skip=\dimen354
\pgffor@stack=\toks42
\pgffor@toks=\toks43
))
(c:/texlive/2026/texmf-dist/tex/generic/pgf/frontendlayer/tikz/tikz.code.tex
Package: tikz 2026-08-01 v3.1.12 (3.1.12)

(c:/texlive/2026/texmf-dist/tex/generic/pgf/libraries/pgflibraryplothandlers.co
de.tex
File: pgflibraryplothandlers.code.tex 2026-08-01 v3.1.12 (3.1.12)
\pgf@plot@mark@count=\count398
\pgfplotmarksize=\dimen355
)
\tikz@lastx=\dimen356
\tikz@lasty=\dimen357
\tikz@lastxsaved=\dimen358
\tikz@lastysaved=\dimen359
\tikz@lastmovetox=\dimen360
\tikz@lastmovetoy=\dimen361
\tikzleveldistance=\dimen362
\tikzsiblingdistance=\dimen363
\tikz@figbox=\box84
\tikz@figbox@bg=\box85
\tikz@tempbox=\box86
\tikz@tempbox@bg=\box87
\tikztreelevel=\count399
\tikznumberofchildren=\count400
\tikznumberofcurrentchild=\count401
\tikz@fig@count=\count402

(c:/texlive/2026/texmf-dist/tex/generic/pgf/modules/pgfmodulematrix.code.tex
File: pgfmodulematrix.code.tex 2026-08-01 v3.1.12 (3.1.12)
\pgfmatrixcurrentrow=\count403
\pgfmatrixcurrentcolumn=\count404
\pgf@matrix@numberofcolumns=\count405
)
\tikz@expandcount=\count406

(c:/texlive/2026/texmf-dist/tex/generic/pgf/frontendlayer/tikz/libraries/tikzli
brarytopaths.code.tex
File: tikzlibrarytopaths.code.tex 2026-08-01 v3.1.12 (3.1.12)
)))
(c:/texlive/2026/texmf-dist/tex/latex/mdframed/md-frame-1.mdf
File: md-frame-1.mdf 2013/07/01\ 1.9b: md-frame-1
)
\mdf@frametitlebox=\box88
\mdf@footnotebox=\box89
\mdf@splitbox@one=\box90
\mdf@splitbox@two=\box91
\mdf@splitbox@save=\box92
\mdfsplitboxwidth=\skip154
\mdfsplitboxtotalwidth=\skip155
\mdfsplitboxheight=\skip156
\mdfsplitboxdepth=\skip157
\mdfsplitboxtotalheight=\skip158
\mdfframetitleboxwidth=\skip159
\mdfframetitleboxtotalwidth=\skip160
\mdfframetitleboxheight=\skip161
\mdfframetitleboxdepth=\skip162
\mdfframetitleboxtotalheight=\skip163
\mdffootnoteboxwidth=\skip164
\mdffootnoteboxtotalwidth=\skip165
\mdffootnoteboxheight=\skip166
\mdffootnoteboxdepth=\skip167
\mdffootnoteboxtotalheight=\skip168
\mdftotallinewidth=\skip169
\mdfboundingboxwidth=\skip170
\mdfboundingboxtotalwidth=\skip171
\mdfboundingboxheight=\skip172
\mdfboundingboxdepth=\skip173
\mdfboundingboxtotalheight=\skip174
\mdf@freevspace@length=\skip175
\mdf@horizontalwidthofbox@length=\skip176
\mdf@verticalmarginwhole@length=\skip177
\mdf@horizontalspaceofbox=\skip178
\mdfsubtitleheight=\skip179
\mdfsubsubtitleheight=\skip180
\c@mdfcountframes=\count407

****** mdframed patching \endmdf@trivlist

****** -- success******

\mdf@envdepth=\count408
\c@mdf@env@i=\count409
\c@mdf@env@ii=\count410
\c@mdf@zref@counter=\count411
Package zref Info: New property: mdf@pagevalue on input line 895.
)
(c:/texlive/2026/texmf-dist/tex/latex/placeins/placeins.sty
Package: placeins 2005/04/18  v 2.2
)
(c:/texlive/2026/texmf-dist/tex/latex/subfig/subfig.sty
Package: subfig 2005/06/28 ver: 1.3 subfig package
\c@KVtest=\count412
\sf@farskip=\skip181
\sf@captopadj=\dimen364
\sf@capskip=\skip182
\sf@nearskip=\skip183
\c@subfigure=\count413
\c@subfigure@save=\count414
\c@subtable=\count415
\c@subtable@save=\count416
\sf@top=\skip184
\sf@bottom=\skip185
)
(c:/texlive/2026/texmf-dist/tex/latex/float/float.sty
Package: float 2001/11/08 v1.3d Float enhancements (AL)
\c@float@type=\count417
\float@exts=\toks44
\float@box=\box93
\@float@everytoks=\toks45
\@floatcapt=\box94
)
(c:/texlive/2026/texmf-dist/tex/latex/algorithm2e/algorithm2e.sty
Invalid UTF-8 byte or sequence at line 284 replaced by U+FFFD.
Invalid UTF-8 byte or sequence at line 299 replaced by U+FFFD.
Invalid UTF-8 byte or sequence at line 550 replaced by U+FFFD.
Package: algorithm2e 2017/07/18 v5.2 algorithms environments
\c@AlgoLine=\count418
\algocf@hangindent=\skip186

(c:/texlive/2026/texmf-dist/tex/latex/ifoddpage/ifoddpage.sty
Package: ifoddpage 2022/10/18 v1.2 Conditionals for odd/even page detection
\c@checkoddpage=\count419
)
(c:/texlive/2026/texmf-dist/tex/latex/tools/xspace.sty
Package: xspace 2014/10/28 v1.13 Space after command names (DPC,MH)
)
(c:/texlive/2026/texmf-dist/tex/latex/relsize/relsize.sty
Package: relsize 2013/03/29 ver 4.1
)
\skiptotal=\skip187
\skiplinenumber=\skip188
\skiprule=\skip189
\skiphlne=\skip190
\skiptext=\skip191
\skiplength=\skip192
\algomargin=\skip193
\skipalgocfslide=\skip194
\algowidth=\dimen365
\inoutsize=\dimen366
\inoutindent=\dimen367
\interspacetitleruled=\dimen368
\interspacealgoruled=\dimen369
\interspacetitleboxruled=\dimen370
\algocf@ruledwidth=\skip195
\algocf@inoutbox=\box95
\algocf@inputbox=\box96
\AlCapSkip=\skip196
\AlCapHSkip=\skip197
\algoskipindent=\skip198
\algocf@nlbox=\box97
\algocf@hangingbox=\box98
\algocf@untilbox=\box99
\algocf@skipuntil=\skip199
\algocf@capbox=\box100
\algocf@lcaptionbox=\skip256
\algoheightruledefault=\skip257
\algoheightrule=\skip258
\algotitleheightruledefault=\skip259
\algotitleheightrule=\skip260
\c@algocfline=\count420
\c@algocfproc=\count421
\c@algocf=\count422
\algocf@algoframe=\box101
\algocf@algobox=\box102
)
(c:/texlive/2026/texmf-dist/tex/generic/pgf/libraries/pgflibraryarrows.meta.cod
e.tex
File: pgflibraryarrows.meta.code.tex 2026-08-01 v3.1.12 (3.1.12)
\pgfarrowinset=\dimen371
\pgfarrowlength=\dimen372
\pgfarrowwidth=\dimen373
\pgfarrowlinewidth=\dimen374
)
(c:/texlive/2026/texmf-dist/tex/generic/pgf/frontendlayer/tikz/libraries/tikzli
brarypositioning.code.tex
File: tikzlibrarypositioning.code.tex 2026-08-01 v3.1.12 (3.1.12)
)
(c:/texlive/2026/texmf-dist/tex/generic/pgf/frontendlayer/tikz/libraries/tikzli
braryshapes.geometric.code.tex
File: tikzlibraryshapes.geometric.code.tex 2026-08-01 v3.1.12 (3.1.12)

(c:/texlive/2026/texmf-dist/tex/generic/pgf/libraries/shapes/pgflibraryshapes.g
eometric.code.tex
File: pgflibraryshapes.geometric.code.tex 2026-08-01 v3.1.12 (3.1.12)
))
(c:/texlive/2026/texmf-dist/tex/generic/pgf/frontendlayer/tikz/libraries/tikzli
braryfit.code.tex
File: tikzlibraryfit.code.tex 2026-08-01 v3.1.12 (3.1.12)
)
(c:/texlive/2026/texmf-dist/tex/generic/pgf/frontendlayer/tikz/libraries/tikzli
brarycalc.code.tex
File: tikzlibrarycalc.code.tex 2026-08-01 v3.1.12 (3.1.12)
)

Package xeCJK Warning: Redefining CJKfamily `\CJKrmdefault' (SimSun(1)).


Package fontspec Info: 
(fontspec)             Could not resolve font "SimSun/I" (it probably doesn't
(fontspec)             exist).


Package fontspec Info: 
(fontspec)             Could not resolve font "SimSun/BI" (it probably doesn't
(fontspec)             exist).


Package fontspec Info: 
(fontspec)             Could not resolve font "SimSun/I" (it probably doesn't
(fontspec)             exist).


Package fontspec Info: 
(fontspec)             Font family 'SimSun(2)' created for font 'SimSun' with
(fontspec)             options [Script={CJK},AutoFakeBold={2.15}].
(fontspec)              
(fontspec)              This font family consists of the following NFSS
(fontspec)             series/shapes:
(fontspec)              
(fontspec)             - 'normal' (m/n) with NFSS spec.:
(fontspec)             <->"SimSun/OT:script=hani;language=dflt;"
(fontspec)             - 'bold' (b/n) with NFSS spec.:
(fontspec)             <->"SimSun/OT:script=hani;language=dflt;embolden=2.15;"


Package xeCJK Warning: Redefining CJKfamily `\CJKsfdefault' (SimHei).


Package xeCJK Warning: Redefining CJKfamily `zhsong' (SimSun).


Package xeCJK Warning: Redefining CJKfamily `zhhei' (SimHei).


Package xeCJK Warning: Redefining CJKfamily `zhkai' (KaiTi).


Package xeCJK Warning: Redefining CJKfamily `zhli' (LiSu).

(./main.aux)
\openout1 = `main.aux'.

LaTeX Font Info:    Checking defaults for OML/cmm/m/it on input line 45.
LaTeX Font Info:    ... okay on input line 45.
LaTeX Font Info:    Checking defaults for OMS/cmsy/m/n on input line 45.
LaTeX Font Info:    ... okay on input line 45.
LaTeX Font Info:    Checking defaults for OT1/cmr/m/n on input line 45.
LaTeX Font Info:    ... okay on input line 45.
LaTeX Font Info:    Checking defaults for T1/cmr/m/n on input line 45.
LaTeX Font Info:    ... okay on input line 45.
LaTeX Font Info:    Checking defaults for TS1/cmr/m/n on input line 45.
LaTeX Font Info:    ... okay on input line 45.
LaTeX Font Info:    Checking defaults for TU/lmr/m/n on input line 45.
LaTeX Font Info:    ... okay on input line 45.
LaTeX Font Info:    Checking defaults for OMX/cmex/m/n on input line 45.
LaTeX Font Info:    ... okay on input line 45.
LaTeX Font Info:    Checking defaults for U/cmr/m/n on input line 45.
LaTeX Font Info:    ... okay on input line 45.
LaTeX Font Info:    Checking defaults for PD1/pdf/m/n on input line 45.
LaTeX Font Info:    ... okay on input line 45.
LaTeX Font Info:    Checking defaults for PU/pdf/m/n on input line 45.
LaTeX Font Info:    ... okay on input line 45.

Package fontspec Info: 
(fontspec)             Adjusting the maths setup (use [no-math] to avoid
(fontspec)             this).

\symlegacymaths=\mathgroup9
LaTeX Font Info:    Overwriting symbol font `legacymaths' in version `bold'
(Font)                  OT1/cmr/m/n --> OT1/cmr/bx/n on input line 45.
LaTeX Font Info:    Redeclaring math accent \acute on input line 45.
LaTeX Font Info:    Redeclaring math accent \grave on input line 45.
LaTeX Font Info:    Redeclaring math accent \ddot on input line 45.
LaTeX Font Info:    Redeclaring math accent \tilde on input line 45.
LaTeX Font Info:    Redeclaring math accent \bar on input line 45.
LaTeX Font Info:    Redeclaring math accent \breve on input line 45.
LaTeX Font Info:    Redeclaring math accent \check on input line 45.
LaTeX Font Info:    Redeclaring math accent \hat on input line 45.
LaTeX Font Info:    Redeclaring math accent \dot on input line 45.
LaTeX Font Info:    Redeclaring math accent \mathring on input line 45.
LaTeX Font Info:    Redeclaring math symbol \Gamma on input line 45.
LaTeX Font Info:    Redeclaring math symbol \Delta on input line 45.
LaTeX Font Info:    Redeclaring math symbol \Theta on input line 45.
LaTeX Font Info:    Redeclaring math symbol \Lambda on input line 45.
LaTeX Font Info:    Redeclaring math symbol \Xi on input line 45.
LaTeX Font Info:    Redeclaring math symbol \Pi on input line 45.
LaTeX Font Info:    Redeclaring math symbol \Sigma on input line 45.
LaTeX Font Info:    Redeclaring math symbol \Upsilon on input line 45.
LaTeX Font Info:    Redeclaring math symbol \Phi on input line 45.
LaTeX Font Info:    Redeclaring math symbol \Psi on input line 45.
LaTeX Font Info:    Redeclaring math symbol \Omega on input line 45.
LaTeX Font Info:    Redeclaring math symbol \mathdollar on input line 45.
LaTeX Font Info:    Redeclaring symbol font `operators' on input line 45.
LaTeX Font Info:    Encoding `OT1' has changed to `TU' for symbol font
(Font)              `operators' in the math version `normal' on input line 45.
LaTeX Font Info:    Overwriting symbol font `operators' in version `normal'
(Font)                  OT1/cmr/m/n --> TU/TimesNewRoman(0)/m/n on input line 4
5.
LaTeX Font Info:    Encoding `OT1' has changed to `TU' for symbol font
(Font)              `operators' in the math version `bold' on input line 45.
LaTeX Font Info:    Overwriting symbol font `operators' in version `bold'
(Font)                  OT1/cmr/bx/n --> TU/TimesNewRoman(0)/m/n on input line 
45.
LaTeX Font Info:    Overwriting symbol font `operators' in version `normal'
(Font)                  TU/TimesNewRoman(0)/m/n --> TU/TimesNewRoman(0)/m/n on 
input line 45.
LaTeX Font Info:    Overwriting math alphabet `\mathit' in version `normal'
(Font)                  OT1/cmr/m/it --> TU/TimesNewRoman(0)/m/it on input line
 45.
LaTeX Font Info:    Overwriting math alphabet `\mathbf' in version `normal'
(Font)                  OT1/cmr/bx/n --> TU/TimesNewRoman(0)/b/n on input line 
45.
LaTeX Font Info:    Overwriting math alphabet `\mathsf' in version `normal'
(Font)                  OT1/cmss/m/n --> TU/Arial(0)/m/n on input line 45.
LaTeX Font Info:    Overwriting math alphabet `\mathtt' in version `normal'
(Font)                  OT1/cmtt/m/n --> TU/CourierNew(0)/m/n on input line 45.

LaTeX Font Info:    Overwriting symbol font `operators' in version `bold'
(Font)                  TU/TimesNewRoman(0)/m/n --> TU/TimesNewRoman(0)/b/n on 
input line 45.
LaTeX Font Info:    Overwriting math alphabet `\mathit' in version `bold'
(Font)                  OT1/cmr/bx/it --> TU/TimesNewRoman(0)/b/it on input lin
e 45.
LaTeX Font Info:    Overwriting math alphabet `\mathsf' in version `bold'
(Font)                  OT1/cmss/bx/n --> TU/Arial(0)/b/n on input line 45.
LaTeX Font Info:    Overwriting math alphabet `\mathtt' in version `bold'
(Font)                  OT1/cmtt/m/n --> TU/CourierNew(0)/b/n on input line 45.


*geometry* driver: auto-detecting
*geometry* detected driver: xetex
*geometry* verbose mode - [ preamble ] result:
* driver: xetex
* paper: <default>
* layout: <same size as paper>
* layoutoffset:(h,v)=(0.0pt,0.0pt)
* modes: 
* h-part:(L,W,R)=(64.01869pt, 469.47049pt, 64.01869pt)
* v-part:(T,H,B)=(85.35826pt, 688.5567pt, 71.13188pt)
* \paperwidth=597.50787pt
* \paperheight=845.04684pt
* \textwidth=469.47049pt
* \textheight=688.5567pt
* \oddsidemargin=-8.2513pt
* \evensidemargin=-8.2513pt
* \topmargin=-21.67392pt
* \headheight=12.0pt
* \headsep=22.76219pt
* \topskip=12.0pt
* \footskip=30.0pt
* \marginparwidth=35.0pt
* \marginparsep=10.0pt
* \columnsep=10.0pt
* \skip\footins=10.8pt plus 4.0pt minus 2.0pt
* \hoffset=0.0pt
* \voffset=0.0pt
* \mag=1000
* \@twocolumnfalse
* \@twosidefalse
* \@mparswitchfalse
* \@reversemarginfalse
* (1in=72.27pt=25.4mm, 1cm=28.453pt)

\c@lstlisting=\count423
Package caption Info: Begin \AtBeginDocument code.
Package caption Info: subfig package v1.3 is loaded.
Package caption Info: float package is loaded.
Package caption Info: hyperref package is loaded.
Package caption Info: End \AtBeginDocument code.
Package hyperref Info: Link coloring ON on input line 45.
(./main.out) (./main.out)
\@outlinefile=\write5
\openout5 = `main.out'.

File: logo.pdf Graphic file (type pdf)
<use logo.pdf>
File: title.pdf Graphic file (type pdf)
<use title.pdf>

(c:/texlive/2026/texmf-dist/tex/latex/amsfonts/umsa.fd)
(c:/texlive/2026/texmf-dist/tex/latex/amsfonts/umsb.fd) [0


]
File: title.pdf Graphic file (type pdf)
<use title.pdf>

Package fontspec Info: 
(fontspec)             Could not resolve font "SimHei/I" (it probably doesn't
(fontspec)             exist).


Package fontspec Info: 
(fontspec)             Could not resolve font "SimHei/BI" (it probably doesn't
(fontspec)             exist).


Package fontspec Info: 
(fontspec)             Could not resolve font "SimHei/I" (it probably doesn't
(fontspec)             exist).


Package fontspec Info: 
(fontspec)             Font family 'SimHei(0)' created for font 'SimHei' with
(fontspec)             options [Script={CJK},AutoFakeBold={2.15}].
(fontspec)              
(fontspec)              This font family consists of the following NFSS
(fontspec)             series/shapes:
(fontspec)              
(fontspec)             - 'normal' (m/n) with NFSS spec.:
(fontspec)             <->"SimHei/OT:script=hani;language=dflt;"
(fontspec)             - 'bold' (b/n) with NFSS spec.:
(fontspec)             <->"SimHei/OT:script=hani;language=dflt;embolden=2.15;"

 [1

] [2] (./main.toc [3] [4])
\tf@toc=\write6
\openout6 = `main.toc'.

 [5] (./sections/1_restatement.tex

Package hyperref Warning: Token not allowed in a PDF string (Unicode):
(hyperref)                \kern 0.60228pt
(hyperref)                removed on input line 1.


Package hyperref Warning: Token not allowed in a PDF string (Unicode):
(hyperref)                \kern 0.60228pt
(hyperref)                removed on input line 3.


Package hyperref Warning: Token not allowed in a PDF string (Unicode):
(hyperref)                \kern 0.60228pt
(hyperref)                removed on input line 3.


Package hyperref Warning: Token not allowed in a PDF string (Unicode):
(hyperref)                \kern 0.60228pt
(hyperref)                removed on input line 11.


Package hyperref Warning: Token not allowed in a PDF string (Unicode):
(hyperref)                \kern 0.60228pt
(hyperref)                removed on input line 11.

[6

]

Package hyperref Warning: Token not allowed in a PDF string (Unicode):
(hyperref)                \kern 0.60228pt
(hyperref)                removed on input line 23.


Package hyperref Warning: Token not allowed in a PDF string (Unicode):
(hyperref)                \kern 0.60228pt
(hyperref)                removed on input line 23.

) (./sections/1b_data.tex

Package hyperref Warning: Token not allowed in a PDF string (Unicode):
(hyperref)                \kern 0.60228pt
(hyperref)                removed on input line 1.


Package hyperref Warning: Token not allowed in a PDF string (Unicode):
(hyperref)                \kern 0.60228pt
(hyperref)                removed on input line 3.


Package hyperref Warning: Token not allowed in a PDF string (Unicode):
(hyperref)                \kern 0.60228pt
(hyperref)                removed on input line 3.

[7]
Overfull \hbox (90.86911pt too wide) in paragraph at lines 12--24
 [][] 
 []


Package hyperref Warning: Token not allowed in a PDF string (Unicode):
(hyperref)                \kern 0.60228pt
(hyperref)                removed on input line 26.


Package hyperref Warning: Token not allowed in a PDF string (Unicode):
(hyperref)                \kern 0.60228pt
(hyperref)                removed on input line 26.

File: figures/05_应急优先系数热力图.png Graphic file (type bmp)
<figures/05_应急优先系数热力图.png>
File: figures/06_逐箱货箱特征分布.png Graphic file (type bmp)
<figures/06_逐箱货箱特征分布.png>

Package hyperref Warning: Token not allowed in a PDF string (Unicode):
(hyperref)                \kern 0.60228pt
(hyperref)                removed on input line 41.


Package hyperref Warning: Token not allowed in a PDF string (Unicode):
(hyperref)                \kern 0.60228pt
(hyperref)                removed on input line 41.

File: figures/07_运输无人机机型参数对比.png Graphic file (type bmp)
<figures/07_运输无人机机型参数对比.png>
File: figures/09_共享能源资源库存与充电时间.png Graphic file (type bmp)
<figures/09_共享能源资源库存与充电时间.png>

Package hyperref Warning: Token not allowed in a PDF string (Unicode):
(hyperref)                \kern 0.60228pt
(hyperref)                removed on input line 54.


Package hyperref Warning: Token not allowed in a PDF string (Unicode):
(hyperref)                \kern 0.60228pt
(hyperref)                removed on input line 54.

File: figures/11_中继无人机参数一览.png Graphic file (type bmp)
<figures/11_中继无人机参数一览.png>
File: figures/12_通信链路发射接收参数对比.png Graphic file (type bmp)
<figures/12_通信链路发射接收参数对比.png>
[8]
File: figures/13_链路预算对比.png Graphic file (type bmp)
<figures/13_链路预算对比.png>


Package hyperref Warning: Token not allowed in a PDF string (Unicode):
(hyperref)                \kern 0.60228pt
(hyperref)                removed on input line 74.


Package hyperref Warning: Token not allowed in a PDF string (Unicode):
(hyperref)                \kern 0.60228pt
(hyperref)                removed on input line 74.

) (./sections/2_analysis.tex [9]

Package hyperref Warning: Token not allowed in a PDF string (Unicode):
(hyperref)                \kern 0.60228pt
(hyperref)                removed on input line 1.


Package hyperref Warning: Token not allowed in a PDF string (Unicode):
(hyperref)                \kern 0.60228pt
(hyperref)                removed on input line 3.


Package hyperref Warning: Token not allowed in a PDF string (Unicode):
(hyperref)                \kern 0.60228pt
(hyperref)                removed on input line 3.

File: figures/00_技术路线图.png Graphic file (type bmp)
<figures/00_技术路线图.png>

Package hyperref Warning: Token not allowed in a PDF string (Unicode):
(hyperref)                \kern 0.60228pt
(hyperref)                removed on input line 14.


Package hyperref Warning: Token not allowed in a PDF string (Unicode):
(hyperref)                \kern 0.60228pt
(hyperref)                removed on input line 14.

[10] [11]

Package hyperref Warning: Token not allowed in a PDF string (Unicode):
(hyperref)                \kern 0.60228pt
(hyperref)                removed on input line 26.


Package hyperref Warning: Token not allowed in a PDF string (Unicode):
(hyperref)                \kern 0.60228pt
(hyperref)                removed on input line 26.


Package hyperref Warning: Token not allowed in a PDF string (Unicode):
(hyperref)                \kern 0.60228pt
(hyperref)                removed on input line 34.


Package hyperref Warning: Token not allowed in a PDF string (Unicode):
(hyperref)                \kern 0.60228pt
(hyperref)                removed on input line 34.


Package hyperref Warning: Token not allowed in a PDF string (Unicode):
(hyperref)                \kern 0.60228pt
(hyperref)                removed on input line 40.


Package hyperref Warning: Token not allowed in a PDF string (Unicode):
(hyperref)                \kern 0.60228pt
(hyperref)                removed on input line 40.

[12]

Package hyperref Warning: Token not allowed in a PDF string (Unicode):
(hyperref)                \kern 0.60228pt
(hyperref)                removed on input line 46.


Package hyperref Warning: Token not allowed in a PDF string (Unicode):
(hyperref)                \kern 0.60228pt
(hyperref)                removed on input line 46.


Package hyperref Warning: Token not allowed in a PDF string (Unicode):
(hyperref)                \kern 0.60228pt
(hyperref)                removed on input line 50.


Package hyperref Warning: Token not allowed in a PDF string (Unicode):
(hyperref)                \kern 0.60228pt
(hyperref)                removed on input line 50.

) (./sections/3_assumptions.tex

Package hyperref Warning: Token not allowed in a PDF string (Unicode):
(hyperref)                \kern 0.60228pt
(hyperref)                removed on input line 1.

[13]) (./sections/4_symbols.tex

Package hyperref Warning: Token not allowed in a PDF string (Unicode):
(hyperref)                \kern 0.60228pt
(hyperref)                removed on input line 1.


LaTeX Warning: Float too large for page by 5.13072pt on input line 42.

) (./sections/5_problem1.tex [14] [15] [16]

Package hyperref Warning: Token not allowed in a PDF string (Unicode):
(hyperref)                \kern 0.60228pt
(hyperref)                removed on input line 1.


Package hyperref Warning: Token not allowed in a PDF string (Unicode):
(hyperref)                \kern 0.60228pt
(hyperref)                removed on input line 3.


Package hyperref Warning: Token not allowed in a PDF string (Unicode):
(hyperref)                \kern 0.60228pt
(hyperref)                removed on input line 3.

File: figures/01_区域地理总览图.png Graphic file (type bmp)
<figures/01_区域地理总览图.png>
File: figures/02_服务区与调度中心空间关系.png Graphic file (type bmp)
<figures/02_服务区与调度中心空间关系.png>
File: figures/03_各服务区物资需求结构.png Graphic file (type bmp)
<figures/03_各服务区物资需求结构.png>
File: figures/04_各服务区配送时限对比.png Graphic file (type bmp)
<figures/04_各服务区配送时限对比.png>

Package hyperref Warning: Token not allowed in a PDF string (Unicode):
(hyperref)                \kern 0.60228pt
(hyperref)                removed on input line 29.


Package hyperref Warning: Token not allowed in a PDF string (Unicode):
(hyperref)                \kern 0.60228pt
(hyperref)                removed on input line 29.


Package hyperref Warning: Token not allowed in a PDF string (Unicode):
(hyperref)                \kern 0.60228pt
(hyperref)                removed on input line 33.


Package hyperref Warning: Token not allowed in a PDF string (Unicode):
(hyperref)                \kern 0.60228pt
(hyperref)                removed on input line 33.


Package hyperref Warning: Token not allowed in a PDF string (Unicode):
(hyperref)                \kern 0.60228pt
(hyperref)                removed on input line 33.


Package hyperref Warning: Token not allowed in a PDF string (Unicode):
(hyperref)                \kern 0.60228pt
(hyperref)                removed on input line 33.

[17]

Package hyperref Warning: Token not allowed in a PDF string (Unicode):
(hyperref)                \kern 0.60228pt
(hyperref)                removed on input line 41.


Package hyperref Warning: Token not allowed in a PDF string (Unicode):
(hyperref)                \kern 0.60228pt
(hyperref)                removed on input line 41.


Package hyperref Warning: Token not allowed in a PDF string (Unicode):
(hyperref)                \kern 0.60228pt
(hyperref)                removed on input line 41.


Package hyperref Warning: Token not allowed in a PDF string (Unicode):
(hyperref)                \kern 0.60228pt
(hyperref)                removed on input line 41.

File: figures/08_机型载荷-航程包络.png Graphic file (type bmp)
<figures/08_机型载荷-航程包络.png>
[18]

Package hyperref Warning: Token not allowed in a PDF string (Unicode):
(hyperref)                \kern 0.60228pt
(hyperref)                removed on input line 75.


Package hyperref Warning: Token not allowed in a PDF string (Unicode):
(hyperref)                \kern 0.60228pt
(hyperref)                removed on input line 75.


Package hyperref Warning: Token not allowed in a PDF string (Unicode):
(hyperref)                \kern 0.60228pt
(hyperref)                removed on input line 75.


Package hyperref Warning: Token not allowed in a PDF string (Unicode):
(hyperref)                \kern 0.60228pt
(hyperref)                removed on input line 75.


Package hyperref Warning: Token not allowed in a PDF string (Unicode):
(hyperref)                \kern 0.60228pt
(hyperref)                removed on input line 86.


Package hyperref Warning: Token not allowed in a PDF string (Unicode):
(hyperref)                \kern 0.60228pt
(hyperref)                removed on input line 86.

[19]
File: figures/q1_1_01_机型最大安全载荷分组柱状图.png Graphic file (type bmp)
<figures/q1_1_01_机型最大安全载荷分组柱状图.png>
File: figures/q1_1_02_能耗利用率热力图.png Graphic file (type bmp)
<figures/q1_1_02_能耗利用率热力图.png>
File: figures/q1_1_03_距离对最大安全载荷的影响.png Graphic file (type bmp)
<figures/q1_1_03_距离对最大安全载荷的影响.png>
File: figures/q1_extra_02_qmax小提琴图.png Graphic file (type bmp)
<figures/q1_extra_02_qmax小提琴图.png>
File: figures/q1_extra_03_相关性热力图.png Graphic file (type bmp)
<figures/q1_extra_03_相关性热力图.png>


Package hyperref Warning: Token not allowed in a PDF string (Unicode):
(hyperref)                \kern 0.60228pt
(hyperref)                removed on input line 121.


Package hyperref Warning: Token not allowed in a PDF string (Unicode):
(hyperref)                \kern 0.60228pt
(hyperref)                removed on input line 121.

[20]

Package hyperref Warning: Token not allowed in a PDF string (Unicode):
(hyperref)                \kern 0.60228pt
(hyperref)                removed on input line 125.


Package hyperref Warning: Token not allowed in a PDF string (Unicode):
(hyperref)                \kern 0.60228pt
(hyperref)                removed on input line 125.


Package hyperref Warning: Token not allowed in a PDF string (Unicode):
(hyperref)                \kern 0.60228pt
(hyperref)                removed on input line 125.


Package hyperref Warning: Token not allowed in a PDF string (Unicode):
(hyperref)                \kern 0.60228pt
(hyperref)                removed on input line 125.


Package hyperref Warning: Token not allowed in a PDF string (Unicode):
(hyperref)                \kern 0.60228pt
(hyperref)                removed on input line 129.


Package hyperref Warning: Token not allowed in a PDF string (Unicode):
(hyperref)                \kern 0.60228pt
(hyperref)                removed on input line 129.


Package hyperref Warning: Token not allowed in a PDF string (Unicode):
(hyperref)                \kern 0.60228pt
(hyperref)                removed on input line 129.


Package hyperref Warning: Token not allowed in a PDF string (Unicode):
(hyperref)                \kern 0.60228pt
(hyperref)                removed on input line 129.

[21]
File: figures/q1_1_04_组批方案总览.png Graphic file (type bmp)
<figures/q1_1_04_组批方案总览.png>
File: figures/q1_1_05_各服务区组批构成.png Graphic file (type bmp)
<figures/q1_1_05_各服务区组批构成.png>
File: figures/q1_extra_04_组批机型热力图.png Graphic file (type bmp)
<figures/q1_extra_04_组批机型热力图.png>


Package hyperref Warning: Token not allowed in a PDF string (Unicode):
(hyperref)                \kern 0.60228pt
(hyperref)                removed on input line 157.


Package hyperref Warning: Token not allowed in a PDF string (Unicode):
(hyperref)                \kern 0.60228pt
(hyperref)                removed on input line 157.


Package hyperref Warning: Token not allowed in a PDF string (Unicode):
(hyperref)                \kern 0.60228pt
(hyperref)                removed on input line 161.


Package hyperref Warning: Token not allowed in a PDF string (Unicode):
(hyperref)                \kern 0.60228pt
(hyperref)                removed on input line 161.


Package hyperref Warning: Token not allowed in a PDF string (Unicode):
(hyperref)                \kern 0.60228pt
(hyperref)                removed on input line 161.


Package hyperref Warning: Token not allowed in a PDF string (Unicode):
(hyperref)                \kern 0.60228pt
(hyperref)                removed on input line 161.


Package hyperref Warning: Token not allowed in a PDF string (Unicode):
(hyperref)                \kern 0.60228pt
(hyperref)                removed on input line 165.


Package hyperref Warning: Token not allowed in a PDF string (Unicode):
(hyperref)                \kern 0.60228pt
(hyperref)                removed on input line 165.


Package hyperref Warning: Token not allowed in a PDF string (Unicode):
(hyperref)                \kern 0.60228pt
(hyperref)                removed on input line 165.


Package hyperref Warning: Token not allowed in a PDF string (Unicode):
(hyperref)                \kern 0.60228pt
(hyperref)                removed on input line 165.

[22]

Package hyperref Warning: Token not allowed in a PDF string (Unicode):
(hyperref)                \kern 0.60228pt
(hyperref)                removed on input line 173.


Package hyperref Warning: Token not allowed in a PDF string (Unicode):
(hyperref)                \kern 0.60228pt
(hyperref)                removed on input line 173.


Package hyperref Warning: Token not allowed in a PDF string (Unicode):
(hyperref)                \kern 0.60228pt
(hyperref)                removed on input line 173.


Package hyperref Warning: Token not allowed in a PDF string (Unicode):
(hyperref)                \kern 0.60228pt
(hyperref)                removed on input line 173.


Package hyperref Warning: Token not allowed in a PDF string (Unicode):
(hyperref)                \kern 0.60228pt
(hyperref)                removed on input line 181.


Package hyperref Warning: Token not allowed in a PDF string (Unicode):
(hyperref)                \kern 0.60228pt
(hyperref)                removed on input line 181.


Package hyperref Warning: Token not allowed in a PDF string (Unicode):
(hyperref)                \kern 0.60228pt
(hyperref)                removed on input line 181.


Package hyperref Warning: Token not allowed in a PDF string (Unicode):
(hyperref)                \kern 0.60228pt
(hyperref)                removed on input line 181.

[23]
File: figures/q1_23_02_各服务区局部前沿规模.png Graphic file (type bmp)
<figures/q1_23_02_各服务区局部前沿规模.png>


Package hyperref Warning: Token not allowed in a PDF string (Unicode):
(hyperref)                \kern 0.60228pt
(hyperref)                removed on input line 192.


Package hyperref Warning: Token not allowed in a PDF string (Unicode):
(hyperref)                \kern 0.60228pt
(hyperref)                removed on input line 192.


Package hyperref Warning: Token not allowed in a PDF string (Unicode):
(hyperref)                \kern 0.60228pt
(hyperref)                removed on input line 192.


Package hyperref Warning: Token not allowed in a PDF string (Unicode):
(hyperref)                \kern 0.60228pt
(hyperref)                removed on input line 192.

File: figures/q1_23_01_帕累托前沿.png Graphic file (type bmp)
<figures/q1_23_01_帕累托前沿.png>
File: figures/q1_22_02_妥协解偏离度与目标空间位置.png Graphic file (type bmp)
<figures/q1_22_02_妥协解偏离度与目标空间位置.png>
File: figures/q1_extra_01_支付表雷达图.png Graphic file (type bmp)
<figures/q1_extra_01_支付表雷达图.png>

Package hyperref Warning: Token not allowed in a PDF string (Unicode):
(hyperref)                \kern 0.60228pt
(hyperref)                removed on input line 232.


Package hyperref Warning: Token not allowed in a PDF string (Unicode):
(hyperref)                \kern 0.60228pt
(hyperref)                removed on input line 232.

[24]
File: figures/p1-1_05_返航余量敏感性.png Graphic file (type bmp)
<figures/p1-1_05_返航余量敏感性.png>
) (./sections/6_problem2.tex [25]

Package hyperref Warning: Token not allowed in a PDF string (Unicode):
(hyperref)                \kern 0.60228pt
(hyperref)                removed on input line 1.


Package hyperref Warning: Token not allowed in a PDF string (Unicode):
(hyperref)                \kern 0.60228pt
(hyperref)                removed on input line 3.


Package hyperref Warning: Token not allowed in a PDF string (Unicode):
(hyperref)                \kern 0.60228pt
(hyperref)                removed on input line 3.


Package hyperref Warning: Token not allowed in a PDF string (Unicode):
(hyperref)                \kern 0.60228pt
(hyperref)                removed on input line 7.


Package hyperref Warning: Token not allowed in a PDF string (Unicode):
(hyperref)                \kern 0.60228pt
(hyperref)                removed on input line 7.


Package hyperref Warning: Token not allowed in a PDF string (Unicode):
(hyperref)                \kern 0.60228pt
(hyperref)                removed on input line 7.


Package hyperref Warning: Token not allowed in a PDF string (Unicode):
(hyperref)                \kern 0.60228pt
(hyperref)                removed on input line 7.

[26]

Package hyperref Warning: Token not allowed in a PDF string (Unicode):
(hyperref)                \kern 0.60228pt
(hyperref)                removed on input line 17.


Package hyperref Warning: Token not allowed in a PDF string (Unicode):
(hyperref)                \kern 0.60228pt
(hyperref)                removed on input line 17.


Package hyperref Warning: Token not allowed in a PDF string (Unicode):
(hyperref)                \kern 0.60228pt
(hyperref)                removed on input line 17.


Package hyperref Warning: Token not allowed in a PDF string (Unicode):
(hyperref)                \kern 0.60228pt
(hyperref)                removed on input line 17.

File: figures/10_两阶段充电曲线.png Graphic file (type bmp)
<figures/10_两阶段充电曲线.png>

Package hyperref Warning: Token not allowed in a PDF string (Unicode):
(hyperref)                \kern 0.60228pt
(hyperref)                removed on input line 36.


Package hyperref Warning: Token not allowed in a PDF string (Unicode):
(hyperref)                \kern 0.60228pt
(hyperref)                removed on input line 36.


Package hyperref Warning: Token not allowed in a PDF string (Unicode):
(hyperref)                \kern 0.60228pt
(hyperref)                removed on input line 36.


Package hyperref Warning: Token not allowed in a PDF string (Unicode):
(hyperref)                \kern 0.60228pt
(hyperref)                removed on input line 36.


Package hyperref Warning: Token not allowed in a PDF string (Unicode):
(hyperref)                \kern 0.60228pt
(hyperref)                removed on input line 40.


Package hyperref Warning: Token not allowed in a PDF string (Unicode):
(hyperref)                \kern 0.60228pt
(hyperref)                removed on input line 40.


Package hyperref Warning: Token not allowed in a PDF string (Unicode):
(hyperref)                \kern 0.60228pt
(hyperref)                removed on input line 40.


Package hyperref Warning: Token not allowed in a PDF string (Unicode):
(hyperref)                \kern 0.60228pt
(hyperref)                removed on input line 40.

[27]

Package hyperref Warning: Token not allowed in a PDF string (Unicode):
(hyperref)                \kern 0.60228pt
(hyperref)                removed on input line 51.


Package hyperref Warning: Token not allowed in a PDF string (Unicode):
(hyperref)                \kern 0.60228pt
(hyperref)                removed on input line 51.


Package fontspec Info: 
(fontspec)             Could not resolve font "FangSong/BI" (it probably
(fontspec)             doesn't exist).


Package fontspec Info: 
(fontspec)             Could not resolve font "FangSong/B" (it probably
(fontspec)             doesn't exist).


Package fontspec Info: 
(fontspec)             Could not resolve font "FangSong/I" (it probably
(fontspec)             doesn't exist).


Package fontspec Info: 
(fontspec)             Font family 'FangSong(0)' created for font 'FangSong'
(fontspec)             with options [Script={CJK}].
(fontspec)              
(fontspec)              This font family consists of the following NFSS
(fontspec)             series/shapes:
(fontspec)              
(fontspec)             - 'normal' (m/n) with NFSS spec.:
(fontspec)             <->"FangSong/OT:script=hani;language=dflt;"

[28]
File: figures/q2_1_01_帕累托前沿.png Graphic file (type bmp)
<figures/q2_1_01_帕累托前沿.png>
File: figures/q2_1_02_路线结构图.png Graphic file (type bmp)
<figures/q2_1_02_路线结构图.png>


Package hyperref Warning: Token not allowed in a PDF string (Unicode):
(hyperref)                \kern 0.60228pt
(hyperref)                removed on input line 84.


Package hyperref Warning: Token not allowed in a PDF string (Unicode):
(hyperref)                \kern 0.60228pt
(hyperref)                removed on input line 84.


Package hyperref Warning: Token not allowed in a PDF string (Unicode):
(hyperref)                \kern 0.60228pt
(hyperref)                removed on input line 84.


Package hyperref Warning: Token not allowed in a PDF string (Unicode):
(hyperref)                \kern 0.60228pt
(hyperref)                removed on input line 84.

File: figures/q2_extra_01_逐箱送达时刻.png Graphic file (type bmp)
<figures/q2_extra_01_逐箱送达时刻.png>
File: figures/q2_extra_06_配送及时性分析.png Graphic file (type bmp)
<figures/q2_extra_06_配送及时性分析.png>
File: figures/q2_extra_07_服务区送达时序热力图.png Graphic file (type bmp)
<figures/q2_extra_07_服务区送达时序热力图.png>
File: figures/q2_extra_02_NSGA2收敛曲线.png Graphic file (type bmp)
<figures/q2_extra_02_NSGA2收敛曲线.png>
File: figures/q2_extra_05_帕累托三维散点.png Graphic file (type bmp)
<figures/q2_extra_05_帕累托三维散点.png>

Package hyperref Warning: Token not allowed in a PDF string (Unicode):
(hyperref)                \kern 0.60228pt
(hyperref)                removed on input line 122.


Package hyperref Warning: Token not allowed in a PDF string (Unicode):
(hyperref)                \kern 0.60228pt
(hyperref)                removed on input line 122.


Package hyperref Warning: Token not allowed in a PDF string (Unicode):
(hyperref)                \kern 0.60228pt
(hyperref)                removed on input line 122.


Package hyperref Warning: Token not allowed in a PDF string (Unicode):
(hyperref)                \kern 0.60228pt
(hyperref)                removed on input line 122.

[29]
File: figures/q2_extra_04_电池利用率.png Graphic file (type bmp)
<figures/q2_extra_04_电池利用率.png>
File: figures/q2_1_03_资源甘特图.png Graphic file (type bmp)
<figures/q2_1_03_资源甘特图.png>


Package hyperref Warning: Token not allowed in a PDF string (Unicode):
(hyperref)                \kern 0.60228pt
(hyperref)                removed on input line 163.


Package hyperref Warning: Token not allowed in a PDF string (Unicode):
(hyperref)                \kern 0.60228pt
(hyperref)                removed on input line 163.

[30] [31] [32]
File: figures/q2_2_01_路线结构图.png Graphic file (type bmp)
<figures/q2_2_01_路线结构图.png>
File: figures/q2_2_02_资源甘特图.png Graphic file (type bmp)
<figures/q2_2_02_资源甘特图.png>


Package hyperref Warning: Token not allowed in a PDF string (Unicode):
(hyperref)                \kern 0.60228pt
(hyperref)                removed on input line 200.


Package hyperref Warning: Token not allowed in a PDF string (Unicode):
(hyperref)                \kern 0.60228pt
(hyperref)                removed on input line 200.

File: figures/q2_extra_03_方法对比柱状图.png Graphic file (type bmp)
<figures/q2_extra_03_方法对比柱状图.png>
[33] [34]) (./sections/7_problem3.tex

Package hyperref Warning: Token not allowed in a PDF string (Unicode):
(hyperref)                \kern 0.60228pt
(hyperref)                removed on input line 1.


Package hyperref Warning: Token not allowed in a PDF string (Unicode):
(hyperref)                \kern 0.60228pt
(hyperref)                removed on input line 3.


Package hyperref Warning: Token not allowed in a PDF string (Unicode):
(hyperref)                \kern 0.60228pt
(hyperref)                removed on input line 3.


Package hyperref Warning: Token not allowed in a PDF string (Unicode):
(hyperref)                \kern 0.60228pt
(hyperref)                removed on input line 7.


Package hyperref Warning: Token not allowed in a PDF string (Unicode):
(hyperref)                \kern 0.60228pt
(hyperref)                removed on input line 7.


Package hyperref Warning: Token not allowed in a PDF string (Unicode):
(hyperref)                \kern 0.60228pt
(hyperref)                removed on input line 7.


Package hyperref Warning: Token not allowed in a PDF string (Unicode):
(hyperref)                \kern 0.60228pt
(hyperref)                removed on input line 7.


Package hyperref Warning: Token not allowed in a PDF string (Unicode):
(hyperref)                \kern 0.60228pt
(hyperref)                removed on input line 15.


Package hyperref Warning: Token not allowed in a PDF string (Unicode):
(hyperref)                \kern 0.60228pt
(hyperref)                removed on input line 15.


Package hyperref Warning: Token not allowed in a PDF string (Unicode):
(hyperref)                \kern 0.60228pt
(hyperref)                removed on input line 15.


Package hyperref Warning: Token not allowed in a PDF string (Unicode):
(hyperref)                \kern 0.60228pt
(hyperref)                removed on input line 15.


Package hyperref Warning: Token not allowed in a PDF string (Unicode):
(hyperref)                \kern 0.60228pt
(hyperref)                removed on input line 23.


Package hyperref Warning: Token not allowed in a PDF string (Unicode):
(hyperref)                \kern 0.60228pt
(hyperref)                removed on input line 23.


Package hyperref Warning: Token not allowed in a PDF string (Unicode):
(hyperref)                \kern 0.60228pt
(hyperref)                removed on input line 23.


Package hyperref Warning: Token not allowed in a PDF string (Unicode):
(hyperref)                \kern 0.60228pt
(hyperref)                removed on input line 23.

[35]

Package hyperref Warning: Token not allowed in a PDF string (Unicode):
(hyperref)                \kern 0.60228pt
(hyperref)                removed on input line 36.


Package hyperref Warning: Token not allowed in a PDF string (Unicode):
(hyperref)                \kern 0.60228pt
(hyperref)                removed on input line 36.


Package hyperref Warning: Token not allowed in a PDF string (Unicode):
(hyperref)                \kern 0.60228pt
(hyperref)                removed on input line 36.


Package hyperref Warning: Token not allowed in a PDF string (Unicode):
(hyperref)                \kern 0.60228pt
(hyperref)                removed on input line 36.


Package hyperref Warning: Token not allowed in a PDF string (Unicode):
(hyperref)                \kern 0.60228pt
(hyperref)                removed on input line 46.


Package hyperref Warning: Token not allowed in a PDF string (Unicode):
(hyperref)                \kern 0.60228pt
(hyperref)                removed on input line 46.

File: figures/q3_2_01_路线结构与通信覆盖图.png Graphic file (type bmp)
<figures/q3_2_01_路线结构与通信覆盖图.png>
File: figures/q3_2_03_联合资源甘特图.png Graphic file (type bmp)
<figures/q3_2_03_联合资源甘特图.png>
File: figures/q3_2_02_地形遮挡剖面示例.png Graphic file (type bmp)
<figures/q3_2_02_地形遮挡剖面示例.png>
File: figures/q3_2_05_机队架次能耗对比.png Graphic file (type bmp)
<figures/q3_2_05_机队架次能耗对比.png>
[36]
File: figures/q3_extra_01_能耗架次Sankey.png Graphic file (type bmp)
<figures/q3_extra_01_能耗架次Sankey.png>
File: figures/q3_extra_04_通信覆盖构成.png Graphic file (type bmp)
<figures/q3_extra_04_通信覆盖构成.png>


Package hyperref Warning: Token not allowed in a PDF string (Unicode):
(hyperref)                \kern 0.60228pt
(hyperref)                removed on input line 118.


Package hyperref Warning: Token not allowed in a PDF string (Unicode):
(hyperref)                \kern 0.60228pt
(hyperref)                removed on input line 118.

[37] [38]
File: figures/q3_1_02_通信覆盖与路线图.png Graphic file (type bmp)
<figures/q3_1_02_通信覆盖与路线图.png>
File: figures/q3_1_03_联合资源甘特图.png Graphic file (type bmp)
<figures/q3_1_03_联合资源甘特图.png>
File: figures/q3_1_04_机队架次能耗对比.png Graphic file (type bmp)
<figures/q3_1_04_机队架次能耗对比.png>


Package hyperref Warning: Token not allowed in a PDF string (Unicode):
(hyperref)                \kern 0.60228pt
(hyperref)                removed on input line 142.


Package hyperref Warning: Token not allowed in a PDF string (Unicode):
(hyperref)                \kern 0.60228pt
(hyperref)                removed on input line 142.

[39]
File: figures/q3_extra_02_方法对比柱状图.png Graphic file (type bmp)
<figures/q3_extra_02_方法对比柱状图.png>
File: figures/q3_extra_03_中继悬停特征.png Graphic file (type bmp)
<figures/q3_extra_03_中继悬停特征.png>
) (./sections/8_sensitivity.tex [40]

Package hyperref Warning: Token not allowed in a PDF string (Unicode):
(hyperref)                \kern 0.60228pt
(hyperref)                removed on input line 1.


Package hyperref Warning: Token not allowed in a PDF string (Unicode):
(hyperref)                \kern 0.60228pt
(hyperref)                removed on input line 3.


Package hyperref Warning: Token not allowed in a PDF string (Unicode):
(hyperref)                \kern 0.60228pt
(hyperref)                removed on input line 3.


Package hyperref Warning: Token not allowed in a PDF string (Unicode):
(hyperref)                \kern 0.60228pt
(hyperref)                removed on input line 7.


Package hyperref Warning: Token not allowed in a PDF string (Unicode):
(hyperref)                \kern 0.60228pt
(hyperref)                removed on input line 7.


Package hyperref Warning: Token not allowed in a PDF string (Unicode):
(hyperref)                \kern 0.60228pt
(hyperref)                removed on input line 7.


Package hyperref Warning: Token not allowed in a PDF string (Unicode):
(hyperref)                \kern 0.60228pt
(hyperref)                removed on input line 7.


Package hyperref Warning: Token not allowed in a PDF string (Unicode):
(hyperref)                \kern 0.60228pt
(hyperref)                removed on input line 11.


Package hyperref Warning: Token not allowed in a PDF string (Unicode):
(hyperref)                \kern 0.60228pt
(hyperref)                removed on input line 11.


Package hyperref Warning: Token not allowed in a PDF string (Unicode):
(hyperref)                \kern 0.60228pt
(hyperref)                removed on input line 11.


Package hyperref Warning: Token not allowed in a PDF string (Unicode):
(hyperref)                \kern 0.60228pt
(hyperref)                removed on input line 11.


Package hyperref Warning: Token not allowed in a PDF string (Unicode):
(hyperref)                \kern 0.60228pt
(hyperref)                removed on input line 15.


Package hyperref Warning: Token not allowed in a PDF string (Unicode):
(hyperref)                \kern 0.60228pt
(hyperref)                removed on input line 15.


Package hyperref Warning: Token not allowed in a PDF string (Unicode):
(hyperref)                \kern 0.60228pt
(hyperref)                removed on input line 15.


Package hyperref Warning: Token not allowed in a PDF string (Unicode):
(hyperref)                \kern 0.60228pt
(hyperref)                removed on input line 15.

[41]

Package hyperref Warning: Token not allowed in a PDF string (Unicode):
(hyperref)                \kern 0.60228pt
(hyperref)                removed on input line 27.


Package hyperref Warning: Token not allowed in a PDF string (Unicode):
(hyperref)                \kern 0.60228pt
(hyperref)                removed on input line 27.

File: figures/q4_1_01_分区地图.png Graphic file (type bmp)
<figures/q4_1_01_分区地图.png>
File: figures/q4_1_02_资源需求库存.png Graphic file (type bmp)
<figures/q4_1_02_资源需求库存.png>
File: figures/q4_1_03_工作量均衡.png Graphic file (type bmp)
<figures/q4_1_03_工作量均衡.png>
File: figures/q4_1_04_缺口冗余.png Graphic file (type bmp)
<figures/q4_1_04_缺口冗余.png>
(./tables/q4_partition_k2.tex) (./tables/q4_partition_k3.tex)

Package hyperref Warning: Token not allowed in a PDF string (Unicode):
(hyperref)                \kern 0.60228pt
(hyperref)                removed on input line 84.


Package hyperref Warning: Token not allowed in a PDF string (Unicode):
(hyperref)                \kern 0.60228pt
(hyperref)                removed on input line 84.

[42] [43]
File: figures/q4_2_01_分区地图.png Graphic file (type bmp)
<figures/q4_2_01_分区地图.png>
File: figures/q4_2_02_资源需求库存.png Graphic file (type bmp)
<figures/q4_2_02_资源需求库存.png>


Package hyperref Warning: Token not allowed in a PDF string (Unicode):
(hyperref)                \kern 0.60228pt
(hyperref)                removed on input line 114.


Package hyperref Warning: Token not allowed in a PDF string (Unicode):
(hyperref)                \kern 0.60228pt
(hyperref)                removed on input line 114.

File: figures/q4_extra_01_枚举vs局部搜索.png Graphic file (type bmp)
<figures/q4_extra_01_枚举vs局部搜索.png>
File: figures/q4_extra_04_资源缺口热力图.png Graphic file (type bmp)
<figures/q4_extra_04_资源缺口热力图.png>
[44]
File: figures/q4_extra_02_SA收敛曲线.png Graphic file (type bmp)
<figures/q4_extra_02_SA收敛曲线.png>
File: figures/q4_extra_03_枚举复杂度.png Graphic file (type bmp)
<figures/q4_extra_03_枚举复杂度.png>
) (./sections/9_sensitivity.tex [45]

Package hyperref Warning: Token not allowed in a PDF string (Unicode):
(hyperref)                \kern 0.60228pt
(hyperref)                removed on input line 1.


Package hyperref Warning: Token not allowed in a PDF string (Unicode):
(hyperref)                \kern 0.60228pt
(hyperref)                removed on input line 5.


Package hyperref Warning: Token not allowed in a PDF string (Unicode):
(hyperref)                \kern 0.60228pt
(hyperref)                removed on input line 5.

[46]

Package hyperref Warning: Token not allowed in a PDF string (Unicode):
(hyperref)                \kern 0.60228pt
(hyperref)                removed on input line 9.


Package hyperref Warning: Token not allowed in a PDF string (Unicode):
(hyperref)                \kern 0.60228pt
(hyperref)                removed on input line 9.


Package hyperref Warning: Token not allowed in a PDF string (Unicode):
(hyperref)                \kern 0.60228pt
(hyperref)                removed on input line 15.


Package hyperref Warning: Token not allowed in a PDF string (Unicode):
(hyperref)                \kern 0.60228pt
(hyperref)                removed on input line 15.


Package hyperref Warning: Token not allowed in a PDF string (Unicode):
(hyperref)                \kern 0.60228pt
(hyperref)                removed on input line 21.


Package hyperref Warning: Token not allowed in a PDF string (Unicode):
(hyperref)                \kern 0.60228pt
(hyperref)                removed on input line 21.

[47]

Package hyperref Warning: Token not allowed in a PDF string (Unicode):
(hyperref)                \kern 0.60228pt
(hyperref)                removed on input line 25.


Package hyperref Warning: Token not allowed in a PDF string (Unicode):
(hyperref)                \kern 0.60228pt
(hyperref)                removed on input line 25.


Overfull \hbox (35.64337pt too wide) in paragraph at lines 34--44
 [][] 
 []

) (./sections/9_evaluation.tex

Package hyperref Warning: Token not allowed in a PDF string (Unicode):
(hyperref)                \kern 0.60228pt
(hyperref)                removed on input line 1.


Package hyperref Warning: Token not allowed in a PDF string (Unicode):
(hyperref)                \kern 0.60228pt
(hyperref)                removed on input line 3.


Package hyperref Warning: Token not allowed in a PDF string (Unicode):
(hyperref)                \kern 0.60228pt
(hyperref)                removed on input line 3.

[48]

Package hyperref Warning: Token not allowed in a PDF string (Unicode):
(hyperref)                \kern 0.60228pt
(hyperref)                removed on input line 13.


Package hyperref Warning: Token not allowed in a PDF string (Unicode):
(hyperref)                \kern 0.60228pt
(hyperref)                removed on input line 13.


Overfull \hbox (1.7577pt too wide) in paragraph at lines 22--35
 [][] 
 []


Package hyperref Warning: Token not allowed in a PDF string (Unicode):
(hyperref)                \kern 0.60228pt
(hyperref)                removed on input line 39.


Package hyperref Warning: Token not allowed in a PDF string (Unicode):
(hyperref)                \kern 0.60228pt
(hyperref)                removed on input line 39.

[49]

Package hyperref Warning: Token not allowed in a PDF string (Unicode):
(hyperref)                \kern 0.60228pt
(hyperref)                removed on input line 49.


Package hyperref Warning: Token not allowed in a PDF string (Unicode):
(hyperref)                \kern 0.60228pt
(hyperref)                removed on input line 49.

File: figures/14_模型方法对比总览.png Graphic file (type bmp)
<figures/14_模型方法对比总览.png>

Package hyperref Warning: Token not allowed in a PDF string (Unicode):
(hyperref)                \kern 0.60228pt
(hyperref)                removed on input line 62.


Package hyperref Warning: Token not allowed in a PDF string (Unicode):
(hyperref)                \kern 0.60228pt
(hyperref)                removed on input line 62.

[50]

Package hyperref Warning: Token not allowed in a PDF string (Unicode):
(hyperref)                \kern 0.60228pt
(hyperref)                removed on input line 75.


Package hyperref Warning: Token not allowed in a PDF string (Unicode):
(hyperref)                \kern 0.60228pt
(hyperref)                removed on input line 75.


Overfull \hbox (145.4708pt too wide) in paragraph at lines 84--94
 [][] 
 []

) [51]
Underfull \hbox (badness 7203) in paragraph at lines 89--90
[]\TU/SimSun(2)/m/n/12.045 新 华 社\TU/TimesNewRoman(0)/m/n/12.045 . \TU/SimSun(2)
/m/n/12.045 记 者 手 记：|  抵 近 广 西 横 州 镇 龙 乡 \TU/TimesNewRoman(0)/m/n/12.045 [EB/OL
]. 2026-07-09[2026-08-07].
 []


Overfull \hbox (3.42021pt too wide) in paragraph at lines 89--90
\TU/TimesNewRoman(0)/m/n/12.045 https://www.xinhuanet.com/politics/20260709/acf
8e4b353304bb78007d8224f1cd2ef/c.html. 
 []


Underfull \hbox (badness 10000) in paragraph at lines 90--91
[]\TU/SimSun(2)/m/n/12.045 新 华 每 日 电 讯\TU/TimesNewRoman(0)/m/n/12.045 . \TU/Sim
Sun(2)/m/n/12.045 三 进\TU/TimesNewRoman(0)/m/n/12.045 ” \TU/SimSun(2)/m/n/12.045
 孤 岛 乡\TU/TimesNewRoman(0)/m/n/12.045 ”[EB/OL]. 2026-07-12[2026-08-07].
 []

[52] (./sections/A_code.tex

Package hyperref Warning: Token not allowed in a PDF string (Unicode):
(hyperref)                \kern 0.60228pt
(hyperref)                removed on input line 5.


Package hyperref Warning: Token not allowed in a PDF string (Unicode):
(hyperref)                \kern 0.60228pt
(hyperref)                removed on input line 5.

(c:/texlive/2026/texmf-dist/tex/latex/listings/lstlang1.sty
File: lstlang1.sty 2025/11/14 1.11b listings language file
) [53]

Package hyperref Warning: Token not allowed in a PDF string (Unicode):
(hyperref)                \kern 0.60228pt
(hyperref)                removed on input line 43.


Package hyperref Warning: Token not allowed in a PDF string (Unicode):
(hyperref)                \kern 0.60228pt
(hyperref)                removed on input line 43.

[54]

Package hyperref Warning: Token not allowed in a PDF string (Unicode):
(hyperref)                \kern 0.60228pt
(hyperref)                removed on input line 69.


Package hyperref Warning: Token not allowed in a PDF string (Unicode):
(hyperref)                \kern 0.60228pt
(hyperref)                removed on input line 69.


Package hyperref Warning: Token not allowed in a PDF string (Unicode):
(hyperref)                \kern 0.60228pt
(hyperref)                removed on input line 95.


Package hyperref Warning: Token not allowed in a PDF string (Unicode):
(hyperref)                \kern 0.60228pt
(hyperref)                removed on input line 95.

[55]

Package hyperref Warning: Token not allowed in a PDF string (Unicode):
(hyperref)                \kern 0.60228pt
(hyperref)                removed on input line 121.


Package hyperref Warning: Token not allowed in a PDF string (Unicode):
(hyperref)                \kern 0.60228pt
(hyperref)                removed on input line 121.

[56]

Package hyperref Warning: Token not allowed in a PDF string (Unicode):
(hyperref)                \kern 0.60228pt
(hyperref)                removed on input line 149.


Package hyperref Warning: Token not allowed in a PDF string (Unicode):
(hyperref)                \kern 0.60228pt
(hyperref)                removed on input line 149.

[57]

Package hyperref Warning: Token not allowed in a PDF string (Unicode):
(hyperref)                \kern 0.60228pt
(hyperref)                removed on input line 185.


Package hyperref Warning: Token not allowed in a PDF string (Unicode):
(hyperref)                \kern 0.60228pt
(hyperref)                removed on input line 185.

[58]

Package hyperref Warning: Token not allowed in a PDF string (Unicode):
(hyperref)                \kern 0.60228pt
(hyperref)                removed on input line 211.


Package hyperref Warning: Token not allowed in a PDF string (Unicode):
(hyperref)                \kern 0.60228pt
(hyperref)                removed on input line 211.

[59]) (./sections/B_tables.tex (./tables/q1_qmax.tex [60])
(./tables/q1_batches.tex) (./tables/q2_routes.tex
Overfull \hbox (23.5309pt too wide) in alignment at lines 2--6
 [] [] [] [] [] [] [] [] 
 []


Overfull \hbox (23.5309pt too wide) in alignment at lines 6--7
 [] [] [] [] [] [] [] [] 
 []


Overfull \hbox (23.5309pt too wide) in alignment at lines 7--37
 [] [] [] [] [] [] [] [] 
 []

[61]) (./tables/q2_sorties.tex [62]) (./tables/q2_boxes.tex [63] [64] [65])
(./tables/q3_relay.tex)) [66] (./main.aux)
 ***********
LaTeX2e <2026-06-01>
L3 programming layer <2026/08/21>
 ***********
Package rerunfilecheck Info: File `main.out' has not changed.
(rerunfilecheck)             Checksum: D48E0ED2833D6E2C770C076A98F29BFF;15271.
 )
(\end occurred when \iftrue on line 47 was incomplete) 
Here is how much of TeX's memory you used:
 37474 strings out of 469688
 814569 string characters out of 5466662
 1696514 words of memory out of 5000000
 65687 multiletter control sequences out of 15000+600000
 643578 words of font info for 185 fonts, out of 8000000 for 9000
 36 hyphenation exceptions out of 8191
 112i,12n,125p,533b,2192s stack positions out of 10000i,1000n,20000p,200000b,200000s

Output written on main.pdf (67 pages).
